title,address,rent,management_fee,deposit,key_money,floor,floor_plan,area,building_age,building_size,nearest_station,distance_to_nearest_station,avg_distance_to_stations,avg_rent_by_station,avg_rent_by_floor_plan,price_rank_by_station
グランメール落合,東京都新宿区上落合１,99000.0,8000.0,99000.0,99000.0,3,1DK,32.94,33,7,下落合駅,4,6.67,10.45,10.76,2
西武新宿線 下落合駅 地下1地上6階建 築33年,東京都新宿区上落合１,99000.0,8000.0,99000.0,99000.0,3,1DK,32.94,33,7,下落合駅,4,6.67,10.45,10.76,2
西武新宿線 下落合駅 4階建 築4年,東京都新宿区中落合２,93000.0,15000.0,,,1,1DK,25.4,4,4,下落合駅,10,10.33,10.45,10.76,13
リヴィエール落合,東京都新宿区中落合１,81000.0,4000.0,,,3,1DK,30.75,41,5,下落合駅,3,7.33,10.45,10.76,40
ZOOM高田馬場,東京都新宿区下落合１,134000.0,8000.0,134000.0,134000.0,3,1DK,31.59,4,10,下落合駅,5,10.0,10.45,10.76,109
リヴィコート下落合,東京都新宿区下落合１,120000.0,10000.0,120000.0,,5,1DK,25.59,2,6,下落合駅,1,9.0,10.45,10.76,111
西武新宿線 下落合駅 6階建 築2年,東京都新宿区下落合１,120000.0,10000.0,120000.0,,5,1DK,25.59,2,6,下落合駅,2,9.67,10.45,10.76,111
西武新宿線 下落合駅 地下1地上3階建 築5年,東京都新宿区下落合４,126000.0,10000.0,,,3,1DK,30.1,5,4,下落合駅,3,10.67,10.45,10.76,120
プレール・ドゥーク新宿中落合,東京都新宿区中落合２,90000.0,8000.0,,90000.0,2,1K,25.5,14,5,下落合駅,3,9.33,10.45,8.74,1
エミリブ下落合,東京都新宿区下落合１,99000.0,8000.0,,,2,1K,25.46,13,8,下落合駅,1,8.0,10.45,8.74,2
THE PREMIUM SUITE新宿下落合,東京都新宿区下落合４,99000.0,10000.0,,99000.0,9,1K,26.34,13,10,下落合駅,2,8.33,10.45,8.74,2
プラザ中落合,東京都新宿区中落合２,97000.0,15000.0,97000.0,,4,1K,27.03,20,4,下落合駅,4,9.67,10.45,8.74,8
西武新宿線 下落合駅 8階建 築17年,東京都新宿区中落合１,94000.0,15000.0,,94000.0,8,1K,21.23,17,8,下落合駅,8,8.67,10.45,8.74,11
B CITY 高田馬場 alivie,東京都新宿区高田馬場３,92000.0,10000.0,92000.0,92000.0,2,1K,25.5,12,6,下落合駅,3,10.67,10.45,8.74,14
西武新宿線 下落合駅 6階建 築12年,東京都新宿区高田馬場３,92000.0,10000.0,92000.0,92000.0,2,1K,25.5,12,6,下落合駅,3,9.0,10.45,8.74,14
ルミエール落合,東京都新宿区上落合１,91000.0,3000.0,91000.0,91000.0,3,1K,27.0,14,3,下落合駅,4,9.33,10.45,8.74,18
第22オーナーズビル,東京都新宿区下落合４,80000.0,3000.0,80000.0,80000.0,2,1K,25.0,49,2,下落合駅,3,10.0,10.45,8.74,19
西武新宿線 下落合駅 2階建 築49年,東京都新宿区下落合４,80000.0,3000.0,80000.0,80000.0,2,1K,25.0,49,2,下落合駅,4,10.67,10.45,8.74,19
西武新宿線 下落合駅 4階建 築22年,東京都新宿区下落合４,80000.0,10000.0,,80000.0,4,1K,18.53,22,4,下落合駅,3,10.0,10.45,8.74,19
ヴェルト新宿落合,東京都新宿区下落合４,80000.0,10000.0,,80000.0,4,1K,18.53,22,4,下落合駅,6,12.0,10.45,8.74,19
スカイコート高田馬場第６,東京都新宿区下落合４,80000.0,5000.0,,,3,1K,20.06,24,10,下落合駅,2,8.67,10.45,8.74,19
ステージグランデ上落合,東京都新宿区上落合１,89000.0,5000.0,89000.0,178000.0,1,1K,22.05,16,7,下落合駅,2,7.67,10.45,8.74,24
グラントゥルース上落合,東京都新宿区上落合２,89000.0,10000.0,,89000.0,6,1K,20.01,21,9,下落合駅,6,8.67,10.45,8.74,24
西武新宿線 下落合駅 7階建 築16年,東京都新宿区上落合１,89000.0,5000.0,89000.0,178000.0,1,1K,22.05,16,7,下落合駅,2,6.67,10.45,8.74,24
西武新宿線 下落合駅 3階建 築15年,東京都新宿区上落合１,89000.0,3000.0,89000.0,,2,1K,28.75,15,3,下落合駅,2,7.0,10.45,8.74,24
ＪＲ山手線 高田馬場駅 10階建 築16年,東京都新宿区下落合４,88000.0,5000.0,,88000.0,7,1K,21.28,16,10,下落合駅,5,9.67,10.45,8.74,29
西武新宿線 下落合駅 4階建 築17年,東京都新宿区中落合１,86000.0,4000.0,86000.0,86000.0,4,1K,21.25,17,4,下落合駅,2,8.67,10.45,8.74,31
西武新宿線 下落合駅 9階建 築21年,東京都新宿区上落合２,85000.0,17000.0,,85000.0,9,1K,20.29,21,9,下落合駅,5,6.33,10.45,8.74,32
ルーブル高田馬場弐番館,東京都新宿区下落合１,85000.0,5000.0,85000.0,85000.0,1,1K,20.45,20,8,下落合駅,1,8.0,10.45,8.74,32
ＪＲ山手線 高田馬場駅 3階建 新築,東京都新宿区高田馬場３,85000.0,3000.0,170000.0,,1,1K,19.39,0,3,下落合駅,5,10.67,10.45,8.74,32
ステューディオＡ１,東京都新宿区下落合４,84000.0,3000.0,84000.0,84000.0,1,1K,29.0,22,2,下落合駅,5,11.0,10.45,8.74,35
ＫＴサトウII,東京都新宿区高田馬場３,83000.0,,83000.0,,1,1K,24.9,28,6,下落合駅,3,9.0,10.45,8.74,37
西武新宿線 下落合駅 8階建 築20年,東京都新宿区下落合１,83000.0,11000.0,,83000.0,8,1K,20.25,20,8,下落合駅,1,8.0,10.45,8.74,37
グランジュール目白西,東京都新宿区下落合４,79000.0,6000.0,79000.0,79000.0,3,1K,19.09,24,9,下落合駅,2,8.67,10.45,8.74,46
西武新宿線 下落合駅 9階建 築24年,東京都新宿区下落合４,79000.0,6000.0,79000.0,79000.0,3,1K,19.09,24,9,下落合駅,2,8.67,10.45,8.74,46
ガーラ新宿下落合,東京都新宿区下落合１,75000.0,9000.0,75000.0,150000.0,6,1K,20.53,21,8,下落合駅,2,8.67,10.45,8.74,49
ＪＲ山手線 高田馬場駅 8階建 築21年,東京都新宿区下落合１,75000.0,9000.0,75000.0,150000.0,6,1K,20.53,21,8,下落合駅,2,8.67,10.45,8.74,49
ＪＲ山手線 高田馬場駅 3階建 築32年,東京都新宿区高田馬場３,75000.0,2000.0,,,3,1K,20.0,32,3,下落合駅,7,11.67,10.45,8.74,49
文祥下落合ハイツ,東京都新宿区下落合１,75500.0,7500.0,75500.0,75500.0,2,1K,20.97,23,10,下落合駅,3,9.0,10.45,8.74,52
フェニックス下落合,東京都新宿区上落合２,74000.0,6000.0,74000.0,74000.0,2,1K,20.07,27,8,下落合駅,5,6.67,10.45,8.74,53
プレール新宿落合,東京都新宿区上落合１,74000.0,6000.0,74000.0,74000.0,1,1K,20.33,23,7,下落合駅,2,5.0,10.45,8.74,53
西武新宿線 下落合駅 7階建 築23年,東京都新宿区上落合１,74000.0,6000.0,74000.0,74000.0,1,1K,21.0,23,7,下落合駅,2,5.33,10.45,8.74,53
メゾンクレール,東京都新宿区下落合４,68000.0,3000.0,68000.0,68000.0,1,1K,16.68,28,2,下落合駅,3,9.33,10.45,8.74,62
ハイツ橋口,東京都新宿区高田馬場３,65000.0,3000.0,65000.0,65000.0,4,1K,21.0,39,4,下落合駅,2,8.0,10.45,8.74,67
グランヴァン高田馬場,東京都新宿区下落合１,65000.0,15000.0,,97500.0,7,1K,17.44,28,7,下落合駅,3,8.67,10.45,8.74,67
ウェルステージ上落合,東京都新宿区上落合１,63000.0,2000.0,63000.0,63000.0,2,1K,24.0,36,2,下落合駅,6,7.33,10.45,8.74,74
西武新宿線 下落合駅 2階建 築36年,東京都新宿区上落合１,63000.0,2000.0,63000.0,63000.0,2,1K,24.0,36,2,下落合駅,6,7.33,10.45,8.74,74
西武新宿線 下落合駅 地下1地上6階建 築30年,東京都新宿区下落合１,150000.0,11000.0,,750000.0,3,1K,20.0,30,7,下落合駅,2,9.33,10.45,8.74,94
西武新宿線 下落合駅 7階建 築9年,東京都新宿区中落合１,146000.0,8000.0,146000.0,73000.0,4,1K,34.07,9,7,下落合駅,5,9.67,10.45,8.74,103
西武新宿線 下落合駅 6階建 築5年,東京都新宿区高田馬場３,144000.0,11000.0,,144000.0,2,1K,25.81,5,6,下落合駅,4,9.67,10.45,8.74,104
クレヴィスタ高田馬場,東京都新宿区高田馬場３,142000.0,11000.0,,142000.0,1,1K,25.81,5,6,下落合駅,5,9.67,10.45,8.74,105
レジディア中落合C　ペット可　手無　敷礼無　9/2退　常時ゴミ出可,東京都新宿区中落合１,120000.0,10000.0,,,6,1K,24.49,18,7,下落合駅,5,7.0,10.45,8.74,111
パルテメゾン中落合,東京都新宿区中落合１,120000.0,9000.0,120000.0,120000.0,4,1K,30.89,3,9,下落合駅,2,9.0,10.45,8.74,111
西武新宿線 下落合駅 8階建 築13年,東京都新宿区下落合１,128000.0,8000.0,,,5,1K,25.46,13,8,下落合駅,1,9.33,10.45,8.74,117
「防音マンション」ArtizA新宿落合Sonorite,東京都新宿区上落合２,127000.0,18000.0,,,4,1K,26.4,2,5,下落合駅,5,7.0,10.45,8.74,119
西武新宿線 下落合駅 4階建 築4年,東京都新宿区高田馬場３,126000.0,20000.0,,,3,1K,25.69,4,4,下落合駅,9,12.67,10.45,8.74,120
レガリス高田馬場,東京都新宿区下落合１,123500.0,10000.0,123500.0,123500.0,6,1K,26.0,6,9,下落合駅,4,9.33,10.45,8.74,122
アルティザ新宿落合ソノリテ,東京都新宿区上落合２,122000.0,18000.0,,,2,1K,25.13,2,5,下落合駅,5,10.33,10.45,8.74,124
西武新宿線 下落合駅 5階建 築2年,東京都新宿区上落合２,122000.0,18000.0,,,2,1K,25.13,2,5,下落合駅,5,7.67,10.45,8.74,124
ズーム高田馬場ウエスト,東京都新宿区高田馬場３,121000.0,6000.0,121000.0,,2,1K,25.01,4,6,下落合駅,4,9.67,10.45,8.74,126
ZOOM高田馬場WEST,東京都新宿区高田馬場３,121000.0,6000.0,121000.0,,2,1K,25.01,4,6,下落合駅,4,10.67,10.45,8.74,126
西武新宿線 下落合駅 6階建 築4年,東京都新宿区高田馬場３,121000.0,6000.0,121000.0,,2,1K,25.01,4,6,下落合駅,5,11.33,10.45,8.74,126
西武新宿線 下落合駅 6階建 築4年,東京都新宿区高田馬場３,121000.0,6000.0,121000.0,,2,1K,25.01,4,6,下落合駅,4,10.0,10.45,8.74,126
ZOOM高田馬場ウェスト,東京都新宿区高田馬場３,121000.0,6000.0,121000.0,,2,1K,25.01,4,6,下落合駅,5,11.33,10.45,8.74,126
Ｌａ　ｃａｓａ　ｄｉ　Ｍａｒｉ,東京都新宿区高田馬場３,110000.0,7000.0,,165000.0,2,1K,25.76,10,3,下落合駅,7,11.33,10.45,8.74,131
西武新宿線 下落合駅 5階建 築5年,東京都新宿区上落合１,117000.0,8000.0,117000.0,,2,1K,25.0,5,5,下落合駅,4,8.67,10.45,8.74,132
SIMODA新宿上落合,東京都新宿区上落合１,113000.0,8000.0,113000.0,,2,1K,25.0,5,5,下落合駅,4,9.0,10.45,8.74,133
コンフォリア中落合,東京都新宿区中落合２,112000.0,10000.0,112000.0,,1,1K,30.63,15,3,下落合駅,6,10.67,10.45,8.74,135
西武新宿線 下落合駅 3階建 築15年,東京都新宿区中落合２,112000.0,10000.0,112000.0,,1,1K,30.63,15,3,下落合駅,6,10.33,10.45,8.74,135
レジディア中落合,東京都新宿区中落合１,105000.0,10000.0,,,2,1K,26.01,18,7,下落合駅,5,7.0,10.45,8.74,138
レオパレスシェモアIII,東京都新宿区下落合１,105000.0,5500.0,,105000.0,2,1K,19.87,17,3,下落合駅,7,11.33,10.45,8.74,138
ＤＳ高田馬場,東京都新宿区高田馬場３,105000.0,7000.0,105000.0,105000.0,2,1K,28.76,11,4,下落合駅,3,9.0,10.45,8.74,138
ＪＲ山手線 高田馬場駅 4階建 築11年,東京都新宿区高田馬場３,105000.0,7000.0,105000.0,105000.0,2,1K,28.76,11,4,下落合駅,3,9.33,10.45,8.74,138
ジーベック高田馬場,東京都新宿区下落合４,105000.0,10000.0,,105000.0,1,1K,26.18,11,7,下落合駅,5,9.67,10.45,8.74,138
レアライズ高田馬場,東京都新宿区下落合１,103000.0,10000.0,,103000.0,2,1K,26.71,6,9,下落合駅,3,9.33,10.45,8.74,143
小川ハイツ,東京都新宿区中落合２,94000.0,,94000.0,,2,1LDK,32.45,37,4,下落合駅,8,11.67,10.45,14.4,11
ジニア新宿中落合,東京都新宿区中落合２,175000.0,10000.0,175000.0,175000.0,0,1LDK,39.97,3,4,下落合駅,8,10.67,10.45,14.4,90
西武新宿線 下落合駅 3階建 築3年,東京都新宿区中落合２,175000.0,,175000.0,175000.0,1,1LDK,39.97,3,3,下落合駅,6,10.0,10.45,14.4,90
シーズンフラッツ高田馬場リバーサイドノース,東京都新宿区高田馬場３,165000.0,10000.0,,,4,1LDK,35.89,4,6,下落合駅,7,12.67,10.45,14.4,92
西武新宿線 下落合駅 2階建 築1年,東京都新宿区上落合１,165000.0,,165000.0,82500.0,1,1LDK,44.91,1,2,下落合駅,6,8.0,10.45,14.4,92
アズスマート目白御留山,東京都新宿区中落合２,159000.0,15000.0,,,0,1LDK,33.45,1,4,下落合駅,4,10.67,10.45,14.4,95
プライムブリス新宿上落合　手無　ネットフリー　24Hゴミ出可　駐輪有,東京都新宿区上落合１,156000.0,12000.0,156000.0,156000.0,7,1LDK,30.0,2,7,下落合駅,5,9.33,10.45,14.4,96
西武新宿線 下落合駅 7階建 築2年,東京都新宿区上落合１,151000.0,12000.0,151000.0,151000.0,5,1LDK,30.0,2,7,下落合駅,5,7.33,10.45,14.4,100
プライムブリス新宿上落合,東京都新宿区上落合１,149000.0,12000.0,149000.0,149000.0,3,1LDK,30.0,2,7,下落合駅,5,7.33,10.45,14.4,101
西武新宿線 下落合駅 6階建 築14年,東京都新宿区高田馬場３,149000.0,15000.0,,149000.0,4,1LDK,35.21,14,6,下落合駅,6,10.67,10.45,14.4,101
シーズンフラッツ高田馬場リバーサイドサウス,東京都新宿区高田馬場３,139000.0,10000.0,,,4,1LDK,30.31,4,6,下落合駅,7,11.67,10.45,14.4,106
西武新宿線 下落合駅 6階建 築4年,東京都新宿区高田馬場３,139000.0,10000.0,,,4,1LDK,30.31,4,6,下落合駅,8,11.67,10.45,14.4,106
Ｇｒａｎ　Ｄｕｏ　高田馬場,東京都新宿区高田馬場３,135000.0,4000.0,,135000.0,1,1LDK,30.18,5,3,下落合駅,8,11.33,10.45,14.4,108
ＪＲ山手線 高田馬場駅 10階建 築4年,東京都新宿区下落合１,134000.0,8000.0,134000.0,134000.0,3,1LDK,31.59,4,10,下落合駅,5,9.33,10.45,14.4,109
西武新宿線 下落合駅 6階建 築3年,東京都新宿区中落合１,129000.0,15000.0,129000.0,129000.0,3,1LDK,33.6,3,6,下落合駅,5,8.0,10.45,14.4,116
西武新宿線 下落合駅 10階建 築42年,東京都新宿区下落合１,128000.0,,128000.0,128000.0,9,1LDK,40.81,42,10,下落合駅,2,9.33,10.45,14.4,117
ＪＲ山手線 高田馬場駅 9階建 築6年,東京都新宿区下落合１,123500.0,10000.0,123500.0,123500.0,6,1LDK,26.0,6,9,下落合駅,4,9.33,10.45,14.4,122
山中館,東京都新宿区高田馬場３,70000.0,2000.0,70000.0,70000.0,1,2DK,24.9,42,2,下落合駅,9,12.67,10.45,12.47,42
西武新宿線 下落合駅 8階建 築34年,東京都新宿区中落合１,155000.0,10000.0,155000.0,310000.0,6,2DK,47.41,34,8,下落合駅,2,9.33,10.45,12.47,97
西武新宿線 下落合駅 14階建 築2年,東京都新宿区高田馬場３,152000.0,12000.0,152000.0,,10,2K,27.43,2,14,下落合駅,6,11.0,10.45,9.95,99
西武新宿線 下落合駅 5階建 築21年,東京都新宿区中落合２,221000.0,15000.0,221000.0,,4,2LDK,56.68,21,5,下落合駅,3,9.67,10.45,18.98,84
コンフォリア下落合,東京都新宿区中落合２,221000.0,10000.0,221000.0,,4,2LDK,56.68,21,5,下落合駅,3,9.33,10.45,18.98,84
西武新宿線 下落合駅 5階建 築21年,東京都新宿区中落合２,221000.0,15000.0,221000.0,,4,2LDK,56.68,21,5,下落合駅,3,10.0,10.45,18.98,84
西武新宿線 下落合駅 3階建 築34年,東京都新宿区下落合４,200000.0,10000.0,,,2,2LDK,86.49,34,3,下落合駅,9,12.33,10.45,18.98,87
KKタームライザ下落合,東京都新宿区中落合１,155000.0,10000.0,155000.0,310000.0,6,2LDK,47.41,34,8,下落合駅,3,8.33,10.45,18.98,97
西武新宿線 下落合駅 6階建 築22年,東京都新宿区下落合４,189000.0,7000.0,378000.0,189000.0,2,2SDK,48.48,22,6,下落合駅,6,10.33,10.45,18.9,88
西武新宿線 下落合駅 9階建 築3年,東京都新宿区中落合１,243000.0,14000.0,243000.0,243000.0,2,2SLDK,55.4,3,9,下落合駅,2,8.67,10.45,20.88,83
目白おとめ山テラスボックス,東京都新宿区下落合４,189000.0,7000.0,378000.0,189000.0,2,3DK,48.48,22,6,下落合駅,7,10.67,10.45,16.95,88
レジディア中落合Ｂ棟,東京都新宿区中落合１,99000.0,10000.0,,,2,1R,24.09,18,7,下落合駅,5,7.67,10.45,7.39,2
西武新宿線 下落合駅 7階建 築18年,東京都新宿区中落合１,99000.0,10000.0,,,2,1R,24.09,18,7,下落合駅,5,8.0,10.45,7.39,2
レジディア中落合A棟,東京都新宿区中落合１,96000.0,10000.0,,,7,1R,21.63,18,7,下落合駅,5,7.67,10.45,7.39,9
西武新宿線 下落合駅 7階建 築18年,東京都新宿区中落合１,96000.0,10000.0,,,7,1R,21.63,18,7,下落合駅,5,7.67,10.45,7.39,9
デュオメゾン高田馬場,東京都新宿区高田馬場３,92000.0,4000.0,,,2,1R,23.18,7,3,下落合駅,6,11.33,10.45,7.39,14
ＪＲ山手線 高田馬場駅 3階建 築7年,東京都新宿区高田馬場３,92000.0,4000.0,,,2,1R,23.18,7,3,下落合駅,6,11.33,10.45,7.39,14
ケルタ落合,東京都新宿区上落合１,89000.0,6000.0,89000.0,89000.0,3,1R,23.38,11,4,下落合駅,2,9.33,10.45,7.39,24
西武新宿線 下落合駅 地下1地上4階建 築4年,東京都新宿区上落合１,87000.0,6000.0,,,3,1R,18.13,4,5,下落合駅,3,8.0,10.45,7.39,30
ルーカス シグマ,東京都新宿区下落合４,84000.0,3000.0,,,5,1R,20.24,10,5,下落合駅,3,8.33,10.45,7.39,35
白鳳レヂディンス,東京都新宿区上落合１,82000.0,5000.0,82000.0,,2,1R,29.48,53,6,下落合駅,3,7.67,10.45,7.39,39
チェスターハウス目白,東京都新宿区下落合４,81000.0,8000.0,81000.0,,0,1R,25.55,22,5,下落合駅,4,10.67,10.45,7.39,40
コンフォタリア高田馬場,東京都新宿区高田馬場３,70000.0,4000.0,,70000.0,1,1R,10.29,8,2,下落合駅,8,11.67,10.45,7.39,42
ＪＲ山手線 高田馬場駅 2階建 築8年,東京都新宿区高田馬場３,70000.0,4000.0,,70000.0,1,1R,10.29,8,2,下落合駅,8,11.67,10.45,7.39,42
西武新宿線 下落合駅 4階建 築40年,東京都新宿区中落合２,70000.0,4500.0,70000.0,,1,1R,15.0,40,4,下落合駅,10,11.67,10.45,7.39,42
西武新宿線 下落合駅 3階建 築12年,東京都新宿区高田馬場３,78000.0,,78000.0,,1,1R,20.0,12,3,下落合駅,8,13.67,10.45,7.39,48
グレースベガ,東京都新宿区高田馬場３,73000.0,3000.0,,,2,1R,11.5,16,2,下落合駅,7,11.0,10.45,7.39,56
グローリア高田馬場,東京都新宿区高田馬場３,60000.0,3000.0,60000.0,60000.0,2,1R,15.0,13,2,下落合駅,6,10.33,10.45,7.39,57
日神パレス下落合,東京都新宿区中落合１,60000.0,,60000.0,60000.0,1,1R,15.0,39,5,下落合駅,4,10.67,10.45,7.39,57
ＪＲ山手線 高田馬場駅 2階建 築13年,東京都新宿区高田馬場３,60000.0,3000.0,60000.0,60000.0,2,1R,16.0,13,2,下落合駅,5,10.67,10.45,7.39,57
ダイホープラザ高田馬場,東京都新宿区下落合１,69000.0,3000.0,69000.0,69000.0,2,1R,16.95,32,7,下落合駅,3,9.0,10.45,7.39,60
西武新宿線 下落合駅 7階建 築32年,東京都新宿区下落合１,69000.0,3000.0,69000.0,69000.0,2,1R,16.95,32,7,下落合駅,5,9.67,10.45,7.39,60
Ｇｒｏｗｃｅｌ下落合,東京都新宿区下落合４,67000.0,4000.0,67000.0,,0,1R,11.75,5,3,下落合駅,3,9.0,10.45,7.39,63
都営大江戸線 中井駅 5階建 築32年,東京都新宿区上落合１,66000.0,4000.0,,,3,1R,17.01,32,5,下落合駅,5,6.33,10.45,7.39,64
スカイコート高田馬場,東京都新宿区高田馬場３,66900.0,6100.0,66900.0,,1,1R,16.16,30,4,下落合駅,4,9.0,10.45,7.39,65
ＪＲ山手線 高田馬場駅 4階建 築30年,東京都新宿区高田馬場３,66900.0,6100.0,66900.0,,1,1R,16.16,30,4,下落合駅,2,8.0,10.45,7.39,65
上落合レジデンス,東京都新宿区上落合１,65000.0,4000.0,,,2,1R,17.01,32,5,下落合駅,5,6.67,10.45,7.39,67
ＡＣＫハウス,東京都新宿区上落合２,65000.0,2000.0,65000.0,65000.0,1,1R,20.25,26,2,下落合駅,5,6.0,10.45,7.39,67
ビクトリアレジデンス,東京都新宿区上落合１,64000.0,,64000.0,,5,1R,20.0,30,6,下落合駅,2,9.67,10.45,7.39,71
瑞豊マンション,東京都新宿区上落合１,64000.0,,64000.0,64000.0,2,1R,17.0,40,4,下落合駅,3,6.67,10.45,7.39,71
フィリップ下落合,東京都新宿区下落合４,64500.0,5000.0,,,2,1R,9.64,11,2,下落合駅,6,10.67,10.45,7.39,73
日興パレス高田馬場,東京都新宿区上落合１,63000.0,5000.0,63000.0,,1,1R,22.8,45,5,下落合駅,8,10.67,10.45,7.39,74
レジデンス美奈真,東京都新宿区高田馬場３,63000.0,3000.0,63000.0,63000.0,3,1R,16.95,36,3,下落合駅,3,10.67,10.45,7.39,74
プラザＵＳＡ,東京都新宿区上落合１,62000.0,1000.0,62000.0,62000.0,6,1R,22.36,35,6,下落合駅,5,7.67,10.45,7.39,78
ユースフル下落合,東京都新宿区上落合１,62000.0,,,,2,1R,16.5,40,4,下落合駅,4,10.33,10.45,7.39,78
ウッド－８４,東京都新宿区上落合１,62000.0,3000.0,62000.0,62000.0,2,1R,11.11,7,2,下落合駅,5,8.0,10.45,7.39,78
西武新宿線 下落合駅 5階建 築39年,東京都新宿区中落合１,58000.0,5000.0,58000.0,58000.0,2,1R,14.73,39,5,下落合駅,3,9.33,10.45,7.39,81
ＪＲ山手線 高田馬場駅 2階建 築16年,東京都新宿区高田馬場３,58000.0,3000.0,,,1,1R,9.29,16,2,下落合駅,5,8.33,10.45,7.39,81
レガリス高田馬場II,東京都新宿区下落合１,120000.0,15000.0,,,6,1R,26.0,0,9,下落合駅,5,10.0,10.45,7.39,111
Leaf.nakaochiai,東京都新宿区中落合２,113000.0,3000.0,113000.0,,4,1R,30.19,7,4,下落合駅,4,6.5,10.45,7.39,133
西武新宿線 下落合駅 7階建 築18年,東京都新宿区中落合１,107000.0,10000.0,,,2,1R,27.39,18,7,下落合駅,5,7.67,10.45,7.39,137
都営大江戸線 中井駅 9階建 築47年,東京都新宿区中落合２,95000.0,10000.0,95000.0,,2,1DK,25.24,47,9,中井駅,7,10.67,9.17,10.76,12
中銀落合マンション,東京都新宿区中落合２,95000.0,10000.0,95000.0,,2,1DK,25.24,47,9,中井駅,9,11.67,9.17,10.76,12
風の館,東京都新宿区中落合４,70000.0,2000.0,70000.0,,1,1DK,30.0,46,2,中井駅,6,9.0,9.17,10.76,45
西武新宿線 中井駅 3階建 築35年,東京都新宿区中井１,68000.0,,68000.0,,3,1DK,21.0,35,3,中井駅,5,10.67,9.17,10.76,96
西武新宿線 中井駅 3階建 築54年,東京都新宿区中井２,68000.0,2000.0,68000.0,68000.0,3,1DK,25.6,54,3,中井駅,2,8.67,9.17,10.76,96
西武新宿線 中井駅 15階建 築21年,東京都新宿区中落合３,116000.0,10000.0,116000.0,116000.0,4,1DK,36.61,21,15,中井駅,9,10.0,9.17,10.76,220
アリーチェ中落合,東京都新宿区中落合３,116000.0,10000.0,116000.0,116000.0,4,1DK,32.61,21,15,中井駅,9,10.67,9.17,10.76,220
ジュールクレール,東京都新宿区上落合２,90000.0,3000.0,90000.0,90000.0,2,1K,21.11,5,3,中井駅,1,6.33,9.17,8.74,1
都営大江戸線 中井駅 3階建 築5年,東京都新宿区上落合２,90000.0,3000.0,90000.0,90000.0,2,1K,21.11,5,3,中井駅,1,6.0,9.17,8.74,1
レジディア上落合,東京都新宿区上落合３,98000.0,10000.0,,,3,1K,20.7,19,6,中井駅,3,5.33,9.17,8.74,4
都営大江戸線 中井駅 地下1地上6階建 築19年,東京都新宿区上落合３,98000.0,10000.0,,,3,1K,20.7,19,7,中井駅,3,6.33,9.17,8.74,4
西武新宿線 中井駅 4階建 築6年,東京都新宿区中井１,97000.0,14000.0,,97000.0,2,1K,25.23,6,4,中井駅,6,11.33,9.17,8.74,8
イアース新宿中井,東京都新宿区中井１,97000.0,14000.0,,97000.0,2,1K,25.0,6,4,中井駅,6,11.33,9.17,8.74,8
西武新宿線 中井駅 4階建 築9年,東京都新宿区中井１,96000.0,8000.0,96000.0,96000.0,2,1K,25.0,9,4,中井駅,5,6.67,9.17,8.74,10
SkyPremiumShinjukubond,東京都新宿区中井１,96000.0,8000.0,96000.0,96000.0,2,1K,25.0,9,4,中井駅,5,9.33,9.17,8.74,10
都営大江戸線 中井駅 2階建 新築,東京都中野区上高田４,95000.0,,95000.0,95000.0,1,1K,24.0,0,2,中井駅,10,13.33,9.17,8.74,12
セジュール六の坂,東京都新宿区中井２,94000.0,6000.0,,94000.0,2,1K,26.71,14,2,中井駅,7,8.33,9.17,8.74,15
ワイズ　ル・リオン新宿中井,東京都新宿区西落合１,94000.0,15000.0,,94000.0,8,1K,21.23,17,8,中井駅,7,11.0,9.17,8.74,15
都営大江戸線 中井駅 2階建 築23年,東京都新宿区中井２,94000.0,4000.0,94000.0,94000.0,2,1K,30.51,23,2,中井駅,3,11.33,9.17,8.74,15
ブリリアントテラス,東京都新宿区中井２,94000.0,4000.0,94000.0,94000.0,2,1K,30.51,23,2,中井駅,3,6.5,9.17,8.74,15
Brilliant Terrace（ブリリアントテラス）,東京都新宿区中井２,94000.0,4000.0,94000.0,94000.0,2,1K,30.51,23,3,中井駅,3,7.67,9.17,8.74,15
エルズステューディオ中落合,東京都新宿区中落合３,92000.0,4000.0,92000.0,92000.0,9,1K,26.88,14,10,中井駅,7,8.67,9.17,8.74,20
グランアセット中落合,東京都新宿区中落合４,91000.0,5000.0,,,2,1K,18.24,18,4,中井駅,6,10.0,9.17,8.74,25
都営大江戸線 中井駅 7階建 築24年,東京都新宿区上落合１,80000.0,6000.0,,80000.0,7,1K,24.87,24,7,中井駅,5,5.67,9.17,8.74,26
東京メトロ東西線 落合駅 4階建 築26年,東京都新宿区上落合３,80000.0,10000.0,,80000.0,2,1K,18.48,26,4,中井駅,6,10.33,9.17,8.74,26
スカイコート新宿落合第6,東京都新宿区上落合３,80000.0,10000.0,,80000.0,2,1K,18.48,26,4,中井駅,7,9.67,9.17,8.74,26
ル・リオン新宿落合,東京都新宿区中落合１,88000.0,10000.0,88000.0,88000.0,3,1K,22.41,18,7,中井駅,3,7.0,9.17,8.74,31
西武新宿線 中井駅 7階建 築18年,東京都新宿区中落合１,88000.0,10000.0,88000.0,88000.0,2,1K,22.24,18,7,中井駅,3,5.67,9.17,8.74,31
アッパルタメントベルベデーレ,東京都新宿区中井２,85000.0,10000.0,85000.0,,2,1K,29.0,23,5,中井駅,5,9.0,9.17,8.74,33
エスポワール21,東京都新宿区中井２,85000.0,5000.0,,85000.0,1,1K,25.28,18,2,中井駅,8,14.33,9.17,8.74,33
ソレアード落合,東京都新宿区上落合２,84000.0,8000.0,,84000.0,2,1K,21.43,18,2,中井駅,5,5.33,9.17,8.74,38
西武新宿線 中井駅 2階建 築18年,東京都新宿区上落合２,84000.0,8000.0,,84000.0,2,1K,21.43,18,2,中井駅,2,3.33,9.17,8.74,38
西武新宿線 中井駅 2階建 築18年,東京都新宿区上落合２,84000.0,8000.0,,84000.0,2,1K,21.43,18,2,中井駅,2,3.33,9.17,8.74,38
ＧＷ上落合,東京都新宿区上落合２,70000.0,15000.0,70000.0,70000.0,2,1K,15.74,33,3,中井駅,4,7.67,9.17,8.74,45
西武新宿線 中井駅 2階建 築38年,東京都新宿区中井２,70000.0,3000.0,70000.0,70000.0,1,1K,18.86,38,2,中井駅,9,11.0,9.17,8.74,45
A-Z,東京都新宿区中落合４,70000.0,3000.0,70000.0,70000.0,2,1K,20.13,16,3,中井駅,8,11.0,9.17,8.74,45
ウィスタリア落合,東京都新宿区上落合３,70000.0,2000.0,70000.0,70000.0,3,1K,26.05,25,3,中井駅,1,6.0,9.17,8.74,45
ウィスタリア落合,東京都新宿区上落合３,70000.0,2000.0,70000.0,70000.0,3,1K,26.05,25,3,中井駅,1,6.0,9.17,8.74,45
ウェル　コルト,東京都新宿区中落合１,79000.0,3000.0,,79000.0,2,1K,21.53,14,3,中井駅,3,5.33,9.17,8.74,52
Live La,東京都新宿区中落合４,79000.0,1000.0,,,1,1K,23.18,21,2,中井駅,8,11.0,9.17,8.74,52
西武新宿線 中井駅 2階建 築21年,東京都新宿区中落合４,79000.0,1000.0,,,1,1K,23.18,21,2,中井駅,8,11.0,9.17,8.74,52
Casa Melodia,東京都新宿区上落合２,78000.0,3000.0,,78000.0,1,1K,25.46,19,2,中井駅,1,9.33,9.17,8.74,57
都営大江戸線 中井駅 2階建 築19年,東京都新宿区上落合２,78000.0,3000.0,,78000.0,1,1K,25.46,19,2,中井駅,1,9.33,9.17,8.74,57
レオパレス中落合ヒルズ,東京都新宿区中落合４,77000.0,5500.0,,77000.0,1,1K,20.81,17,3,中井駅,8,8.0,9.17,8.74,59
オアシスコートＭ,東京都新宿区中井１,77000.0,,,77000.0,1,1K,20.4,22,3,中井駅,3,6.67,9.17,8.74,59
西武新宿線 中井駅 3階建 築17年,東京都新宿区中落合４,77000.0,5500.0,,77000.0,1,1K,20.81,17,3,中井駅,5,8.67,9.17,8.74,59
西武新宿線 中井駅 3階建 築17年,東京都新宿区上落合２,76000.0,8000.0,76000.0,76000.0,1,1K,21.87,17,3,中井駅,5,8.67,9.17,8.74,62
リーフコート,東京都新宿区上落合２,76000.0,8000.0,76000.0,76000.0,1,1K,21.87,17,3,中井駅,5,7.0,9.17,8.74,62
オリュゾンスミダ,東京都新宿区中井１,76000.0,,76000.0,38000.0,3,1K,26.6,28,3,中井駅,4,9.0,9.17,8.74,62
都営大江戸線 中井駅 3階建 築28年,東京都新宿区中井１,76000.0,,76000.0,38000.0,3,1K,26.6,28,3,中井駅,4,9.0,9.17,8.74,62
西武新宿線 中井駅 2階建 築36年,東京都新宿区上落合２,76000.0,3000.0,76000.0,76000.0,2,1K,18.0,36,2,中井駅,3,7.0,9.17,8.74,62
ワイズ ル・リオン新宿中井,東京都新宿区中落合１,75000.0,20000.0,,,8,1K,21.23,17,8,中井駅,7,11.0,9.17,8.74,68
西武新宿線 中井駅 3階建 築20年,東京都新宿区中井１,75000.0,,75000.0,75000.0,2,1K,17.13,20,3,中井駅,5,8.33,9.17,8.74,68
都営大江戸線 中井駅 3階建 築20年,東京都新宿区中井１,75000.0,,75000.0,75000.0,2,1K,17.0,20,3,中井駅,5,8.0,9.17,8.74,68
西武池袋線 椎名町駅 2階建 築11年,東京都新宿区中落合３,75000.0,,75000.0,75000.0,1,1K,20.0,11,2,中井駅,10,11.0,9.17,8.74,68
グリーンパレス,東京都新宿区上落合２,74000.0,3000.0,74000.0,74000.0,2,1K,18.23,36,2,中井駅,1,6.67,9.17,8.74,73
ソル イ ヴィエント,東京都新宿区中井１,73000.0,,73000.0,73000.0,3,1K,21.4,23,3,中井駅,4,8.67,9.17,8.74,77
西武新宿線 中井駅 4階建 築20年,東京都新宿区中井１,73000.0,3000.0,73000.0,73000.0,4,1K,21.24,20,4,中井駅,8,11.33,9.17,8.74,77
リバーテラス,東京都新宿区上落合３,72000.0,3000.0,72000.0,72000.0,3,1K,21.9,35,3,中井駅,3,7.33,9.17,8.74,79
都営大江戸線 中井駅 3階建 築35年,東京都新宿区上落合３,72000.0,3000.0,72000.0,72000.0,3,1K,21.9,35,3,中井駅,3,7.33,9.17,8.74,79
エタニティ,東京都中野区上高田４,71000.0,7000.0,71000.0,71000.0,1,1K,18.45,19,2,中井駅,6,9.33,9.17,8.74,84
西武新宿線 中井駅 地下1地上2階建 築19年,東京都中野区上高田４,71000.0,7000.0,71000.0,71000.0,1,1K,18.45,19,3,中井駅,6,13.33,9.17,8.74,84
アーバンハイム中落合,東京都新宿区中落合１,60000.0,,60000.0,,1,1K,17.36,29,2,中井駅,2,7.0,9.17,8.74,86
セントピア中井,東京都新宿区中落合１,60000.0,5000.0,,,1,1K,16.9,36,5,中井駅,3,10.0,9.17,8.74,86
都営大江戸線 中井駅 2階建 築42年,東京都新宿区上落合３,60000.0,,60000.0,60000.0,2,1K,18.0,42,2,中井駅,4,9.67,9.17,8.74,86
ブライズ新宿中井,東京都新宿区中井１,69000.0,8000.0,138000.0,69000.0,4,1K,19.3,18,7,中井駅,4,8.0,9.17,8.74,91
都営大江戸線 中井駅 地下1地上6階建 築18年,東京都新宿区中井１,69000.0,8000.0,138000.0,69000.0,4,1K,19.3,18,7,中井駅,4,5.33,9.17,8.74,91
都営大江戸線 中井駅 2階建 築16年,東京都新宿区中落合１,69000.0,3000.0,69000.0,69000.0,1,1K,20.69,16,2,中井駅,3,6.67,9.17,8.74,91
サンイング中井,東京都新宿区中井１,65000.0,3000.0,65000.0,32500.0,1,1K,20.4,20,4,中井駅,8,11.33,9.17,8.74,103
マーガレットの生活ブリュエ棟,東京都新宿区中落合４,65000.0,3000.0,130000.0,,2,1K,18.0,32,2,中井駅,5,7.0,9.17,8.74,103
アンフィールドII,東京都新宿区中井２,65000.0,,65000.0,65000.0,2,1K,19.0,26,2,中井駅,10,14.0,9.17,8.74,103
西武新宿線 中井駅 2階建 築32年,東京都新宿区中落合４,65000.0,3000.0,130000.0,,2,1K,18.0,32,2,中井駅,5,6.67,9.17,8.74,103
コーポ寺口,東京都新宿区中井２,65000.0,,65000.0,65000.0,1,1K,20.0,65,2,中井駅,8,9.67,9.17,8.74,103
カサフロール,東京都新宿区中落合４,64000.0,5000.0,64000.0,,2,1K,19.87,39,2,中井駅,9,12.33,9.17,8.74,113
ＧＲＡＤＯ落合,東京都中野区上高田４,62000.0,3000.0,62000.0,,1,1K,21.5,33,2,中井駅,7,8.33,9.17,8.74,122
西武新宿線 中井駅 2階建 築33年,東京都中野区上高田４,62000.0,3000.0,62000.0,,1,1K,21.5,33,2,中井駅,7,8.33,9.17,8.74,122
吉岡マンション,東京都新宿区中井２,50000.0,5000.0,50000.0,50000.0,1,1K,18.0,27,3,中井駅,5,10.33,9.17,8.74,127
清水アパート,東京都中野区上高田４,59000.0,,,59000.0,2,1K,19.44,59,2,中井駅,6,10.33,9.17,8.74,131
コーポ小田原,東京都新宿区上落合３,59000.0,1000.0,59000.0,59000.0,2,1K,16.8,43,2,中井駅,6,8.67,9.17,8.74,131
コーポ・プロスパ,東京都新宿区上落合３,58000.0,2000.0,58000.0,58000.0,1,1K,16.5,32,2,中井駅,4,7.33,9.17,8.74,136
グランメール上落合,東京都新宿区上落合２,58000.0,,,,1,1K,17.01,57,2,中井駅,2,5.67,9.17,8.74,136
第二谷口荘,東京都新宿区上落合３,58000.0,,58000.0,58000.0,2,1K,18.0,45,2,中井駅,3,7.0,9.17,8.74,136
都営大江戸線 中井駅 2階建 築45年,東京都新宿区上落合３,58000.0,,58000.0,58000.0,2,1K,18.0,45,2,中井駅,3,7.67,9.17,8.74,136
西武新宿線 中井駅 2階建 築20年,東京都新宿区中井２,57500.0,2500.0,57500.0,57500.0,2,1K,20.0,20,2,中井駅,9,11.33,9.17,8.74,144
西武新宿線 中井駅 2階建 築43年,東京都新宿区中井２,56000.0,1000.0,56000.0,,2,1K,18.17,43,2,中井駅,8,11.0,9.17,8.74,145
NT上落合,東京都新宿区上落合３,55000.0,,55000.0,55000.0,1,1K,20.0,38,3,中井駅,5,7.33,9.17,8.74,147
エクセレント中井,東京都新宿区中井２,55000.0,8000.0,55000.0,55000.0,2,1K,16.74,35,3,中井駅,6,10.33,9.17,8.74,147
西武新宿線 中井駅 3階建 築35年,東京都新宿区中井２,55000.0,8000.0,55000.0,55000.0,2,1K,16.74,35,3,中井駅,6,10.33,9.17,8.74,147
西武新宿線 中井駅 2階建 築37年,東京都新宿区中落合４,55000.0,2000.0,55000.0,,1,1K,13.0,37,2,中井駅,6,9.67,9.17,8.74,147
中井ハイツ,東京都新宿区中井１,55000.0,,55000.0,,2,1K,17.0,41,2,中井駅,4,9.33,9.17,8.74,147
中井マーサ,東京都新宿区中落合４,55000.0,2000.0,55000.0,,1,1K,13.0,37,2,中井駅,6,7.67,9.17,8.74,147
都営大江戸線 中井駅 3階建 築38年,東京都新宿区上落合３,55000.0,,55000.0,55000.0,1,1K,20.0,38,3,中井駅,5,7.33,9.17,8.74,147
西武新宿線 中井駅 2階建 築34年,東京都新宿区中井１,53000.0,2000.0,47300.00000000001,,2,1K,17.95,34,2,中井駅,6,7.33,9.17,8.74,164
ミノルハイツA,東京都新宿区上落合３,52000.0,3000.0,52000.0,52000.0,2,1K,16.0,40,2,中井駅,4,8.0,9.17,8.74,165
都営大江戸線 中井駅 2階建 築40年,東京都新宿区上落合３,52000.0,3000.0,52000.0,52000.0,2,1K,16.0,40,2,中井駅,4,8.0,9.17,8.74,165
ミノルハイツＢ,東京都新宿区上落合３,51000.0,3000.0,51000.0,51000.0,1,1K,16.0,40,2,中井駅,4,9.0,9.17,8.74,167
都営大江戸線 中井駅 2階建 築40年,東京都新宿区上落合３,51000.0,3000.0,51000.0,51000.0,1,1K,16.0,40,2,中井駅,4,9.0,9.17,8.74,167
プラウドフラット中落合,東京都新宿区中落合１,130000.0,8000.0,130000.0,65000.0,5,1K,25.37,9,7,中井駅,5,7.33,9.17,8.74,200
「防音マンション」ラシクラス新宿中井,東京都新宿区中井２,127000.0,15000.0,,,2,1K,26.35,0,4,中井駅,7,8.5,9.17,8.74,209
PREMIUMCUBE新宿中井,東京都新宿区中井２,119500.0,16000.0,,59800.00000000001,3,1K,26.0,4,5,中井駅,2,6.67,9.17,8.74,218
西武新宿線 中井駅 地下1地上4階建 築4年,東京都新宿区中井２,119500.0,16000.0,,59800.00000000001,3,1K,26.0,4,5,中井駅,2,5.67,9.17,8.74,218
GENOVIA新宿中落合skygarden,東京都新宿区中落合２,115000.0,15000.0,,230000.0,4,1K,25.85,7,10,中井駅,9,10.0,9.17,8.74,222
西武新宿線 中井駅 地下1地上9階建 築7年,東京都新宿区中落合２,115000.0,15000.0,,230000.0,4,1K,25.85,7,10,中井駅,9,10.0,9.17,8.74,222
MODULOR中井,東京都新宿区中井１,115000.0,4000.0,115000.0,115000.0,4,1K,34.34,19,4,中井駅,6,11.33,9.17,8.74,222
都営大江戸線 中井駅 4階建 築19年,東京都新宿区中井１,115000.0,4000.0,115000.0,115000.0,4,1K,34.34,19,4,中井駅,6,7.67,9.17,8.74,222
都営大江戸線 中井駅 5階建 築4年,東京都新宿区上落合３,115000.0,15000.0,,115000.0,3,1K,25.79,4,5,中井駅,4,8.0,9.17,8.74,222
デュオステージ中落合,東京都新宿区中落合１,113000.0,12000.0,113000.0,113000.0,4,1K,30.69,8,4,中井駅,5,8.0,9.17,8.74,227
都営大江戸線 中井駅 4階建 築7年,東京都新宿区中落合１,113000.0,12000.0,113000.0,113000.0,4,1K,30.69,7,4,中井駅,5,9.0,9.17,8.74,227
西武新宿線 中井駅 4階建 築23年,東京都新宿区中落合１,100000.0,3000.0,100000.0,,4,1K,25.37,23,4,中井駅,4,7.67,9.17,8.74,229
GRAN　PASEO新宿中井,東京都新宿区中落合１,100000.0,3000.0,100000.0,,4,1K,25.37,23,4,中井駅,4,7.67,9.17,8.74,229
セジョリ新宿上落合,東京都新宿区上落合３,104000.0,12000.0,,104000.0,3,1K,25.79,4,5,中井駅,4,8.0,9.17,8.74,231
フォレシティ中落合,東京都新宿区中落合４,101000.0,7000.0,,,2,1K,20.87,20,5,中井駅,9,9.67,9.17,8.74,235
西武新宿線 中井駅 5階建 築20年,東京都新宿区中落合４,101000.0,7000.0,,,2,1K,20.87,20,5,中井駅,9,11.33,9.17,8.74,235
REGALIZ新宿落合,東京都新宿区上落合１,100500.0,10000.0,100500.0,100500.0,2,1K,25.38,7,4,中井駅,5,5.67,9.17,8.74,237
シャルモント,東京都新宿区中井２,99000.0,2000.0,99000.0,99000.0,1,1LDK,28.15,6,2,中井駅,9,11.0,9.17,14.4,3
落合公園ハウス,東京都新宿区中井１,170000.0,15000.0,170000.0,170000.0,8,1LDK,51.84,56,8,中井駅,9,11.0,9.17,14.4,183
都営大江戸線 中井駅 8階建 築56年,東京都新宿区中井１,170000.0,15000.0,170000.0,170000.0,8,1LDK,51.84,56,8,中井駅,8,11.67,9.17,14.4,183
Fullea上落合,東京都新宿区上落合３,166000.0,15000.0,166000.0,,4,1LDK,33.08,1,5,中井駅,5,9.67,9.17,14.4,187
都営大江戸線 中井駅 5階建 築1年,東京都新宿区上落合３,166000.0,15000.0,166000.0,,4,1LDK,33.08,1,5,中井駅,5,7.0,9.17,14.4,187
西武新宿線 中井駅 3階建 築17年,東京都新宿区中井１,150000.0,5000.0,150000.0,150000.0,1,1LDK,51.0,17,3,中井駅,3,9.33,9.17,14.4,189
エストレリータ新宿落合,東京都新宿区中落合３,156000.0,9000.0,156000.0,156000.0,2,1LDK,45.87,9,5,中井駅,8,10.33,9.17,14.4,190
西武新宿線 中井駅 4階建 築6年,東京都新宿区中落合１,152000.0,13200.0,152000.0,152000.0,4,1LDK,41.18,6,4,中井駅,6,10.0,9.17,14.4,191
スカイコートグレース新宿中落合,東京都新宿区中落合１,152800.0,13200.0,152800.0,152800.0,4,1LDK,41.18,6,4,中井駅,6,10.0,9.17,14.4,192
デュオステージ下落合,東京都新宿区中落合１,147500.0,12000.0,,147500.0,4,1LDK,33.6,3,6,中井駅,4,9.0,9.17,14.4,195
西武新宿線 中井駅 地下1地上3階建 築18年,東京都新宿区中落合４,144000.0,10000.0,,,2,1LDK,39.09,18,4,中井駅,6,9.0,9.17,14.4,196
都営大江戸線 中井駅 9階建 築17年,東京都新宿区中落合１,144000.0,10000.0,,,9,1LDK,35.4,17,9,中井駅,3,6.67,9.17,14.4,196
ルクレ中落合,東京都新宿区中落合１,144000.0,10000.0,,,9,1LDK,35.4,17,9,中井駅,3,5.67,9.17,14.4,196
ドムス中井,東京都新宿区中井１,143000.0,,286000.0,143000.0,1,1LDK,34.36,0,3,中井駅,4,9.33,9.17,14.4,199
東京メトロ東西線 落合駅 地下1地上8階建 築53年,東京都新宿区上落合２,138000.0,7000.0,138000.0,138000.0,5,1LDK,31.1,53,9,中井駅,4,7.0,9.17,14.4,202
リノベマンション,東京都新宿区上落合２,138000.0,7000.0,138000.0,138000.0,5,1LDK,31.1,53,9,中井駅,4,7.0,9.17,14.4,202
都営大江戸線 中井駅 4階建 築4年,東京都新宿区中落合１,134500.0,10000.0,,,4,1LDK,30.27,4,4,中井駅,7,8.67,9.17,14.4,204
Ｇｒａｎｄｅ　Ｎａｋａｏｃｈｉａｉ,東京都新宿区中落合１,134500.0,10000.0,,,4,1LDK,30.27,4,4,中井駅,5,7.67,9.17,14.4,204
エーブハウス,東京都新宿区中井２,132000.0,2000.0,132000.0,198000.0,2,1LDK,47.0,10,2,中井駅,4,6.0,9.17,14.4,206
コートクレオ,東京都新宿区中落合４,120000.0,5000.0,120000.0,120000.0,1,1LDK,43.1,29,2,中井駅,7,9.33,9.17,14.4,207
カーサ・フェリーチェ,東京都新宿区上落合２,123000.0,3000.0,123000.0,,1,1LDK,38.86,12,2,中井駅,5,7.0,9.17,14.4,210
都営大江戸線 中井駅 4階建 築3年,東京都新宿区中落合１,110000.0,5000.0,110000.0,110000.0,2,1LDK,27.54,3,4,中井駅,3,5.33,9.17,14.4,212
ガーテ中落合,東京都新宿区中落合１,110000.0,5000.0,110000.0,110000.0,2,1LDK,27.54,3,5,中井駅,3,8.67,9.17,14.4,212
宮越マンション,東京都新宿区上落合３,110000.0,,110000.0,,4,1LDK,38.0,47,4,中井駅,6,8.0,9.17,14.4,212
中井プラムレジデンス,東京都新宿区上落合３,110000.0,8000.0,110000.0,110000.0,7,1LDK,35.27,54,11,中井駅,3,6.67,9.17,14.4,212
フロント中井,東京都新宿区中落合１,102000.0,8000.0,,102000.0,3,1LDK,40.6,48,4,中井駅,1,2.67,9.17,14.4,234
ハウス落合,東京都新宿区上落合２,98000.0,9000.0,98000.0,98000.0,3,2DK,41.0,36,4,中井駅,4,6.0,9.17,12.47,4
西武新宿線 中井駅 4階建 築37年,東京都新宿区上落合２,98000.0,9000.0,98000.0,98000.0,3,2DK,41.0,37,4,中井駅,3,7.0,9.17,12.47,4
ハイツカメリアNo.2,東京都新宿区中井２,92000.0,,92000.0,,2,2DK,40.0,30,2,中井駅,5,8.33,9.17,12.47,20
西武新宿線 中井駅 2階建 築30年,東京都新宿区中井２,92000.0,,92000.0,,2,2DK,40.0,30,2,中井駅,4,8.67,9.17,12.47,20
センチュリーハウス,東京都新宿区中落合４,92000.0,3000.0,92000.0,,1,2K,35.0,35,2,中井駅,8,11.0,9.17,9.95,20
西武新宿線 中井駅 2階建 築35年,東京都新宿区中落合４,92000.0,3000.0,92000.0,,1,2K,35.0,35,2,中井駅,8,11.0,9.17,9.95,20
都営大江戸線 中井駅 2階建 築65年,東京都新宿区中井２,80000.0,,80000.0,80000.0,2,2K,29.75,65,2,中井駅,9,10.33,9.17,9.95,26
光ハイツ,東京都新宿区中井２,80000.0,,80000.0,80000.0,2,2K,29.75,65,2,中井駅,9,10.67,9.17,9.95,26
栄美荘,東京都新宿区中落合４,76000.0,,76000.0,,1,2K,34.0,54,2,中井駅,7,9.0,9.17,9.95,62
グリーンヒル中井,東京都新宿区中井１,103000.0,2000.0,103000.0,103000.0,2,2K,33.0,33,3,中井駅,5,8.67,9.17,9.95,232
西武新宿線 中井駅 3階建 築33年,東京都新宿区中井１,103000.0,3000.0,103000.0,103000.0,2,2K,33.0,33,3,中井駅,5,9.33,9.17,9.95,232
Ｋ’ｓ中落合,東京都新宿区中落合１,240000.0,10000.0,240000.0,240000.0,3,2LDK,74.76,36,4,中井駅,7,8.0,9.17,18.98,171
プランドール,東京都新宿区中落合１,189000.0,2000.0,189000.0,189000.0,2,2LDK,65.0,5,3,中井駅,4,7.33,9.17,18.98,179
西武新宿線 中井駅 3階建 築5年,東京都新宿区中落合１,189000.0,2000.0,189000.0,189000.0,2,2LDK,65.0,5,3,中井駅,6,8.67,9.17,18.98,179
二の坂シティハウス,東京都新宿区中井２,185000.0,5000.0,185000.0,185000.0,1,2LDK,62.0,38,4,中井駅,4,8.33,9.17,18.98,181
西武新宿線 中井駅 4階建 築38年,東京都新宿区中井２,185000.0,5000.0,185000.0,185000.0,2,2LDK,62.0,38,4,中井駅,4,8.33,9.17,18.98,181
上落合ハイツ,東京都新宿区上落合２,172000.0,8000.0,172000.0,172000.0,7,2LDK,57.1,54,10,中井駅,1,5.33,9.17,18.98,186
ＪＲ中央線 東中野駅 地下1地上5階建 築64年,東京都中野区上高田４,121000.0,5000.0,,,3,2LDK,50.0,64,6,中井駅,5,8.33,9.17,18.98,211
西武新宿線 中井駅 地上2階建 築49年,東京都新宿区中井２,148000.0,,148000.0,148000.0,1,3K,42.26,49,2,中井駅,5,8.33,9.17,14.32,193
中井2丁目N貸家,東京都新宿区中井２,148000.0,,148000.0,148000.0,1,3K,46.26,49,2,中井駅,6,12.33,9.17,14.32,193
武蔵ビル,東京都新宿区中落合２,130000.0,,130000.0,130000.0,5,3K,46.7,42,7,中井駅,7,8.67,9.17,14.32,200
都営大江戸線 中井駅 4階建 築36年,東京都新宿区中落合１,240000.0,10000.0,240000.0,240000.0,3,3LDK,74.76,36,4,中井駅,7,7.33,9.17,23.03,171
西武新宿線 中井駅 4階建 築36年,東京都新宿区中落合１,240000.0,10000.0,240000.0,240000.0,3,3LDK,74.76,36,4,中井駅,7,7.33,9.17,23.03,171
都営大江戸線 中井駅 4階建 築36年,東京都新宿区中落合１,240000.0,10000.0,240000.0,240000.0,3,3LDK,74.76,36,4,中井駅,7,7.5,9.17,23.03,171
都営大江戸線 中井駅 4階建 築30年,東京都中野区上高田４,246000.0,4000.0,246000.0,246000.0,1,3LDK,64.75,30,4,中井駅,7,10.33,9.17,23.03,175
アトラス・モリト,東京都中野区上高田４,246000.0,4000.0,246000.0,246000.0,1,3LDK,64.75,30,4,中井駅,7,10.33,9.17,23.03,175
ニューハイツ中落合,東京都新宿区中落合１,220000.0,10000.0,220000.0,220000.0,5,3LDK,71.58,43,6,中井駅,5,7.33,9.17,23.03,177
都営大江戸線 中井駅 5階建 築43年,東京都新宿区中落合１,220000.0,10000.0,220000.0,220000.0,5,3LDK,71.58,43,5,中井駅,5,7.0,9.17,23.03,177
クラフト中井,東京都新宿区中井２,85000.0,3000.0,85000.0,85000.0,2,1R,0.0,9,2,中井駅,3,8.0,9.17,7.39,33
都営大江戸線 中井駅 2階建 築9年,東京都新宿区中井２,85000.0,3000.0,85000.0,85000.0,2,1R,0.0,9,2,中井駅,4,9.67,9.17,7.39,33
西武新宿線 中井駅 2階建 築9年,東京都新宿区中井２,85000.0,3000.0,85000.0,85000.0,2,1R,0.0,9,2,中井駅,3,9.0,9.17,7.39,33
Noah′s Ark,東京都新宿区中落合１,84000.0,3000.0,,,3,1R,19.0,6,4,中井駅,2,6.67,9.17,7.39,38
グランエッグス上落合,東京都新宿区上落合２,82000.0,3000.0,82000.0,,0,1R,15.7,19,3,中井駅,1,6.33,9.17,7.39,42
西武新宿線 中井駅 3階建 築21年,東京都新宿区中落合４,82000.0,3000.0,82000.0,82000.0,1,1R,18.8,21,3,中井駅,7,10.33,9.17,7.39,42
アールフラット中落合,東京都新宿区中落合４,82000.0,3000.0,82000.0,82000.0,1,1R,18.89,21,2,中井駅,8,11.33,9.17,7.39,42
コントゥッティ,東京都新宿区上落合３,70000.0,3000.0,70000.0,70000.0,1,1R,18.0,15,4,中井駅,3,5.33,9.17,7.39,45
西武新宿線 中井駅 3階建 築33年,東京都新宿区上落合２,79000.0,2000.0,158000.0,,2,1R,21.06,33,3,中井駅,5,9.33,9.17,7.39,52
スピティ落合,東京都新宿区上落合２,79000.0,2000.0,158000.0,,2,1R,21.06,33,3,中井駅,4,8.33,9.17,7.39,52
学生会館 キャンパスエール上落合[食事付き],東京都新宿区上落合２,75500.0,,50000.0,,4,1R,15.0,5,10,中井駅,1,3.0,9.17,7.39,72
Nano上落合,東京都新宿区上落合３,74500.0,5000.0,,,1,1R,9.0,5,3,中井駅,1,5.33,9.17,7.39,74
Nano上落合,東京都新宿区上落合３,74500.0,5000.0,,,0,1R,9.0,5,4,中井駅,1,5.33,9.17,7.39,74
都営大江戸線 中井駅 地下1地上2階建 築5年,東京都新宿区上落合３,74500.0,5000.0,,,0,1R,9.0,5,3,中井駅,1,5.33,9.17,7.39,74
西武新宿線 中井駅 5階建 築33年,東京都新宿区上落合２,72000.0,5000.0,72000.0,72000.0,2,1R,19.9,33,5,中井駅,5,9.0,9.17,7.39,79
シャルムタナカ,東京都新宿区上落合２,72000.0,5000.0,72000.0,72000.0,2,1R,19.9,33,5,中井駅,1,5.67,9.17,7.39,79
プリンセスライン中井,東京都新宿区中井１,72000.0,3000.0,72000.0,72000.0,1,1R,20.93,8,2,中井駅,4,6.0,9.17,7.39,79
ヴィヴレコート,東京都新宿区中井１,60000.0,5000.0,60000.0,,1,1R,15.68,31,3,中井駅,5,9.33,9.17,7.39,86
都営大江戸線 中井駅 3階建 築31年,東京都新宿区中井１,60000.0,5000.0,60000.0,,1,1R,15.68,31,3,中井駅,5,9.33,9.17,7.39,86
フェアリーランド,東京都新宿区中落合１,69000.0,3000.0,69000.0,69000.0,1,1R,20.69,16,2,中井駅,3,6.67,9.17,7.39,91
アッパルタメントプラート,東京都新宿区中井２,69000.0,10000.0,69000.0,,3,1R,24.33,24,4,中井駅,11,12.0,9.17,7.39,91
モアメゾン,東京都新宿区中落合１,67000.0,4000.0,67000.0,,4,1R,20.0,34,5,中井駅,2,6.33,9.17,7.39,98
都営大江戸線 中井駅 5階建 築35年,東京都新宿区中落合１,67000.0,4000.0,67000.0,,4,1R,20.0,35,5,中井駅,2,6.0,9.17,7.39,98
サンフラワーガーデン上落合,東京都新宿区上落合３,66000.0,3000.0,,,1,1R,13.25,9,3,中井駅,2,5.67,9.17,7.39,100
西武新宿線 中井駅 3階建 築9年,東京都新宿区上落合３,66000.0,3000.0,,,1,1R,13.25,9,3,中井駅,2,6.0,9.17,7.39,100
日興パレス新宿ＰＡＲＴII,東京都新宿区上落合３,66000.0,10000.0,,,2,1R,21.39,38,3,中井駅,6,7.0,9.17,7.39,100
メインステージ中井駅前,東京都新宿区中落合１,65000.0,5000.0,,,5,1R,16.74,34,5,中井駅,3,9.67,9.17,7.39,103
ヴィライグレット,東京都新宿区中井１,65000.0,2000.0,65000.0,,3,1R,20.0,38,4,中井駅,4,9.0,9.17,7.39,103
ウインズ落合,東京都新宿区上落合２,65000.0,5000.0,65000.0,,4,1R,16.94,35,10,中井駅,1,6.33,9.17,7.39,103
西武新宿線 中井駅 5階建 築34年,東京都新宿区中落合１,65000.0,5000.0,,,5,1R,16.74,34,5,中井駅,3,9.67,9.17,7.39,103
西武新宿線 中井駅 4階建 築38年,東京都新宿区中井１,65000.0,2000.0,65000.0,,3,1R,20.0,38,4,中井駅,4,9.0,9.17,7.39,103
西武新宿線 中井駅 2階建 築4年,東京都新宿区中井２,64000.0,4000.0,,64000.0,1,1R,11.0,4,2,中井駅,3,8.33,9.17,7.39,113
ハーモニーテラス中落合II,東京都新宿区中落合４,64000.0,4000.0,,64000.0,2,1R,11.0,3,2,中井駅,7,10.33,9.17,7.39,113
フレシール中落合,東京都新宿区中落合１,63000.0,10000.0,63000.0,,2,1R,9.14,6,3,中井駅,5,7.67,9.17,7.39,116
都営大江戸線 中井駅 3階建 築6年,東京都新宿区中落合１,63000.0,10000.0,63000.0,,2,1R,9.14,6,3,中井駅,5,8.67,9.17,7.39,116
桐栄グランデ,東京都新宿区中落合２,63000.0,6000.0,63000.0,63000.0,2,1R,17.51,37,5,中井駅,9,10.67,9.17,7.39,116
アイミリビル,東京都新宿区上落合３,63000.0,4000.0,,,1,1R,11.66,1,2,中井駅,5,6.33,9.17,7.39,116
都営大江戸線 中井駅 4階建 築37年,東京都新宿区中落合２,63000.0,6000.0,63000.0,63000.0,2,1R,17.51,37,4,中井駅,7,8.67,9.17,7.39,116
メゾン中落合,東京都新宿区中落合１,63000.0,,63000.0,63000.0,2,1R,21.0,39,2,中井駅,2,6.0,9.17,7.39,116
パールハイツ前島,東京都中野区上高田４,62000.0,3000.0,62000.0,,1,1R,0.0,42,3,中井駅,6,9.67,9.17,7.39,122
西武新宿線 中井駅 2階建 築3年,東京都新宿区中落合４,62000.0,4000.0,,62000.0,1,1R,11.0,3,2,中井駅,7,8.5,9.17,7.39,122
アーバンプレイス東中野IIIA,東京都新宿区上落合３,60500.0,2500.0,,,2,1R,1.0,15,2,中井駅,6,6.33,9.17,7.39,126
リトルハイツ,東京都新宿区中井１,50000.0,,50000.0,,1,1R,18.6,39,2,中井駅,4,8.0,9.17,7.39,127
サークルハウス中落合,東京都新宿区中落合１,50000.0,3000.0,,,1,1R,9.73,9,2,中井駅,7,11.33,9.17,7.39,127
都営大江戸線 中井駅 2階建 築9年,東京都新宿区中落合１,50000.0,3000.0,,,1,1R,9.73,9,2,中井駅,7,11.33,9.17,7.39,127
シャイニーソフト新宿落合B,東京都新宿区上落合３,59000.0,3000.0,,,2,1R,1.0,13,2,中井駅,5,7.33,9.17,7.39,131
スカイハイツ,東京都新宿区中井１,59000.0,3000.0,,,1,1R,15.8,35,2,中井駅,9,11.33,9.17,7.39,131
ＪＲ総武線 東中野駅 2階建 築13年,東京都新宿区上落合３,59000.0,3000.0,,,2,1R,1.0,13,2,中井駅,5,7.33,9.17,7.39,131
グランツ中井,東京都新宿区中井１,58000.0,,58000.0,58000.0,2,1R,15.0,36,3,中井駅,3,8.0,9.17,7.39,136
西武新宿線 中井駅 4階建 築36年,東京都新宿区中井１,58000.0,,58000.0,58000.0,2,1R,15.0,36,4,中井駅,3,8.33,9.17,7.39,136
アーバンプレイス中井Ａ・Ｂ,東京都新宿区中井１,57000.0,3000.0,57000.0,,1,1R,9.48,19,2,中井駅,6,10.33,9.17,7.39,142
アーバンプレイス中井 B棟,東京都新宿区中井１,57000.0,3000.0,57000.0,,1,1R,9.48,19,2,中井駅,6,9.33,9.17,7.39,142
グレースロワ,東京都新宿区中落合３,56000.0,,56000.0,56000.0,1,1R,10.63,15,2,中井駅,8,9.33,9.17,7.39,145
メゾンドコンフォート,東京都新宿区中井１,55000.0,2000.0,55000.0,,1,1R,15.55,38,3,中井駅,3,8.33,9.17,7.39,147
西武新宿線 中井駅 2階建 築16年,東京都新宿区中落合１,55000.0,4000.0,,,1,1R,11.4,16,2,中井駅,2,6.33,9.17,7.39,147
アーバンプレイス中井IIＡ棟,東京都新宿区中落合１,55000.0,4000.0,,,1,1R,11.4,16,2,中井駅,2,7.33,9.17,7.39,147
グリーンフラット,東京都新宿区上落合２,55000.0,1000.0,55000.0,,1,1R,18.0,54,2,中井駅,1,2.67,9.17,7.39,147
都営大江戸線 中井駅 4階建 築42年,東京都新宿区上落合２,54000.0,6000.0,54000.0,,4,1R,13.64,42,4,中井駅,1,6.0,9.17,7.39,158
メゾン・ド・オービエ,東京都新宿区上落合２,54000.0,6000.0,54000.0,,4,1R,13.64,42,4,中井駅,1,3.0,9.17,7.39,158
フェリスパロット,東京都新宿区中井２,54000.0,3000.0,,,1,1R,9.78,9,2,中井駅,5,10.0,9.17,7.39,158
都営大江戸線 中井駅 2階建 築9年,東京都新宿区中井２,54000.0,3000.0,,,1,1R,9.78,9,2,中井駅,5,6.67,9.17,7.39,158
西武新宿線 中井駅 2階建 築37年,東京都新宿区上落合２,54000.0,,54000.0,,2,1R,15.0,37,2,中井駅,4,5.33,9.17,7.39,158
中井ハイツ,東京都新宿区上落合２,54000.0,,54000.0,,2,1R,15.0,37,2,中井駅,4,5.33,9.17,7.39,158
都営大江戸線 中井駅 3階建 築57年,東京都新宿区上落合３,45000.0,,45000.0,,3,1R,1.0,57,3,中井駅,6,8.0,9.17,7.39,169
コーポ宮本,東京都新宿区上落合３,45000.0,,45000.0,,3,1R,1.0,57,3,中井駅,4,7.33,9.17,7.39,169
西武新宿線 中井駅 4階建 築8年,東京都新宿区西落合１,170000.0,11000.0,,170000.0,2,1R,30.69,8,4,中井駅,5,6.67,9.17,7.39,183
都営大江戸線 中井駅 4階建 築6年,東京都新宿区中落合１,129000.0,3000.0,,,3,1R,30.05,6,4,中井駅,2,8.67,9.17,7.39,208
中銀落合マンシオン,東京都新宿区中落合２,110000.0,10000.0,110000.0,110000.0,7,1R,41.23,47,9,中井駅,9,10.33,9.17,7.39,212
西武池袋線 椎名町駅 9階建 築46年,東京都新宿区中落合２,110000.0,10000.0,110000.0,110000.0,7,1R,41.23,46,9,中井駅,9,12.33,9.17,7.39,212
プレシャスマンション,東京都中野区上高田３,82000.0,,,82000.0,2,1DK,27.0,36,3,新井薬師前駅,4,11.33,8.99,10.76,14
コーポＫ,東京都中野区上高田５,60000.0,,60000.0,,2,1DK,25.11,37,2,新井薬師前駅,6,12.0,8.99,10.76,22
西武新宿線 新井薬師前駅 6階建 築3年,東京都中野区上高田１,102000.0,15000.0,,102000.0,2,1DK,25.5,3,6,新井薬師前駅,9,12.33,8.99,10.76,64
オーシャンコート,東京都中野区上高田５,97000.0,3000.0,97000.0,97000.0,2,1K,35.0,14,2,新井薬師前駅,7,13.67,8.99,8.74,1
西武新宿線 新井薬師前駅 2階建 築14年,東京都中野区上高田５,97000.0,3000.0,97000.0,97000.0,2,1K,35.0,14,2,新井薬師前駅,7,13.33,8.99,8.74,1
西武新宿線 新井薬師前駅 3階建 築9年,東京都中野区上高田５,96000.0,15000.0,96000.0,96000.0,1,1K,25.71,9,3,新井薬師前駅,6,12.33,8.99,8.74,3
プライムアーバン中野上高田,東京都中野区上高田４,94000.0,5000.0,94000.0,94000.0,1,1K,20.27,18,3,新井薬師前駅,5,13.33,8.99,8.74,6
西武新宿線 新井薬師前駅 3階建 築18年,東京都中野区上高田４,94000.0,5000.0,94000.0,94000.0,1,1K,20.27,18,3,新井薬師前駅,5,12.33,8.99,8.74,6
カルフール,東京都中野区上高田３,89000.0,3000.0,89000.0,89000.0,1,1K,25.89,17,2,新井薬師前駅,6,11.0,8.99,8.74,9
アネックス新井薬師,東京都中野区上高田４,85000.0,3000.0,,,1,1K,18.0,1,2,新井薬師前駅,7,10.33,8.99,8.74,10
SUNRISE Nakano,東京都中野区上高田５,85000.0,3000.0,85000.0,85000.0,2,1K,31.5,18,2,新井薬師前駅,4,12.0,8.99,8.74,10
アクタアワーズレジデンス中野落合,東京都中野区上高田４,85800.0,4000.0,,,4,1K,29.16,58,4,新井薬師前駅,11,12.67,8.99,8.74,12
西武新宿線 新井薬師前駅 2階建 築17年,東京都中野区上高田３,83000.0,3000.0,83000.0,83000.0,1,1K,25.89,17,2,新井薬師前駅,6,11.0,8.99,8.74,13
西武新宿線 新井薬師前駅 11階建 築23年,東京都新宿区西落合２,78000.0,8000.0,78000.0,78000.0,2,1K,20.0,23,11,新井薬師前駅,12,13.67,8.99,8.74,15
Ｋ’ｓヴィラ中野Ａ,東京都中野区上高田３,75000.0,5000.0,,,1,1K,18.0,7,3,新井薬師前駅,8,13.33,8.99,8.74,16
セントラルハイム,東京都中野区上高田４,75000.0,,75000.0,75000.0,3,1K,26.91,53,5,新井薬師前駅,7,11.0,8.99,8.74,16
カーサカルド,東京都中野区上高田５,74000.0,3000.0,74000.0,74000.0,1,1K,25.05,28,3,新井薬師前駅,4,13.0,8.99,8.74,20
西武新宿線 新井薬師前駅 2階建 築20年,東京都中野区上高田３,73000.0,2000.0,,,2,1K,20.0,20,2,新井薬師前駅,4,13.33,8.99,8.74,21
西武新宿線 新井薬師前駅 3階建 築38年,東京都中野区上高田２,60000.0,5000.0,60000.0,60000.0,3,1K,20.0,38,3,新井薬師前駅,6,13.33,8.99,8.74,22
ハイムイトウ,東京都中野区上高田３,66000.0,3000.0,,66000.0,3,1K,20.49,36,3,新井薬師前駅,4,13.67,8.99,8.74,24
西武新宿線 新井薬師前駅 2階建 築24年,東京都中野区上高田５,66000.0,2000.0,66000.0,66000.0,1,1K,17.55,24,2,新井薬師前駅,7,12.33,8.99,8.74,24
フォレスト中野Ａ,東京都中野区上高田５,66000.0,2000.0,66000.0,,1,1K,17.55,24,2,新井薬師前駅,7,10.0,8.99,8.74,24
西武新宿線 新井薬師前駅 2階建 築35年,東京都新宿区西落合２,65000.0,1000.0,65000.0,65000.0,2,1K,21.0,35,2,新井薬師前駅,8,14.33,8.99,8.74,27
西武新宿線 新井薬師前駅 2階建 築53年,東京都中野区上高田３,63000.0,1000.0,63000.0,63000.0,2,1K,21.5,53,2,新井薬師前駅,3,13.33,8.99,8.74,28
鈴木ハイツ,東京都中野区上高田５,50000.0,,,,2,1K,17.0,57,2,新井薬師前駅,3,11.0,8.99,8.74,31
西武新宿線 新井薬師前駅 3階建 築42年,東京都中野区上高田４,55000.0,,55000.0,55000.0,2,1K,24.0,42,3,新井薬師前駅,6,12.67,8.99,8.74,33
パルデンス3,東京都中野区上高田５,55000.0,,,,1,1K,15.0,36,2,新井薬師前駅,8,12.67,8.99,8.74,33
YS Court,東京都中野区上高田３,105000.0,,105000.0,105000.0,1,1K,33.85,18,4,新井薬師前駅,9,11.67,8.99,8.74,62
パークサイド,東京都中野区上高田３,133000.0,3000.0,133000.0,133000.0,1,1LDK,44.01,11,3,新井薬師前駅,6,10.67,8.99,14.4,50
ユーコート新井薬師,東京都中野区上高田３,120000.0,5000.0,120000.0,,1,1LDK,43.77,39,4,新井薬師前駅,3,13.67,8.99,14.4,51
西武新宿線 新井薬師前駅 2階建 築12年,東京都中野区上高田４,110000.0,4000.0,,220000.0,2,1LDK,34.73,12,2,新井薬師前駅,8,12.33,8.99,14.4,53
サン　セレーネ,東京都中野区上高田４,109000.0,4000.0,,218000.0,2,1LDK,32.08,12,2,新井薬師前駅,8,12.33,8.99,14.4,60
西武新宿線 新井薬師前駅 2階建 築12年,東京都中野区上高田４,109000.0,4000.0,,218000.0,2,1LDK,32.08,12,2,新井薬師前駅,8,12.33,8.99,14.4,60
レバランス中野,東京都中野区上高田３,120000.0,,120000.0,120000.0,4,2DK,40.5,39,4,新井薬師前駅,11,12.67,8.99,12.47,51
西武新宿線 新井薬師前駅 3階建 築25年,東京都中野区上高田５,115000.0,3000.0,115000.0,115000.0,2,2DK,38.28,25,3,新井薬師前駅,8,11.0,8.99,12.47,55
Ｎハイツ,東京都中野区上高田５,100000.0,2000.0,100000.0,100000.0,1,2DK,39.0,37,2,新井薬師前駅,2,14.0,8.99,12.47,58
上高田4丁目団地1号棟,東京都中野区上高田４,100000.0,10000.0,100000.0,,1,2DK,46.25,55,11,新井薬師前駅,9,10.33,8.99,12.47,58
マンション宍戸,東京都中野区上高田３,105000.0,5000.0,105000.0,,2,2DK,33.0,52,5,新井薬師前駅,1,10.33,8.99,12.47,62
西武新宿線 新井薬師前駅 2階建 築57年,東京都中野区上高田３,75000.0,2000.0,75000.0,75000.0,1,2K,30.0,57,2,新井薬師前駅,4,13.33,8.99,9.95,16
ウェンゲン上高田,東京都中野区上高田５,115000.0,3000.0,115000.0,115000.0,2,2K,38.28,25,3,新井薬師前駅,7,10.33,8.99,9.95,55
Village・Planche,東京都中野区上高田４,215000.0,10000.0,215000.0,322500.0,1,2LDK,55.73,4,4,新井薬師前駅,4,11.33,8.99,18.98,44
西武新宿線 新井薬師前駅 4階建 築4年,東京都中野区上高田４,215000.0,10000.0,215000.0,322500.0,1,2LDK,55.73,4,4,新井薬師前駅,4,11.33,8.99,18.98,44
上高田五丁目ハイツ,東京都中野区上高田５,162000.0,2000.0,162000.0,162000.0,1,2LDK,59.0,14,2,新井薬師前駅,5,13.67,8.99,18.98,46
西武新宿線 新井薬師前駅 2階建 築14年,東京都中野区上高田５,162000.0,2000.0,162000.0,162000.0,1,2LDK,59.0,14,2,新井薬師前駅,5,14.33,8.99,18.98,46
パブリック・ハイツ,東京都中野区上高田５,96000.0,5000.0,96000.0,96000.0,2,1R,29.6,55,4,新井薬師前駅,4,12.0,8.99,7.39,3
マキシヴ中野,東京都中野区上高田５,96000.0,15000.0,96000.0,96000.0,1,1R,25.71,9,3,新井薬師前駅,6,12.33,8.99,7.39,3
西武新宿線 新井薬師前駅 5階建 築8年,東京都中野区上高田３,92000.0,7000.0,,,5,1R,20.0,8,5,新井薬師前駅,7,12.33,8.99,7.39,8
平和ハイツ中野,東京都中野区上高田５,75000.0,,75000.0,,2,1R,21.19,11,2,新井薬師前駅,8,12.33,8.99,7.39,16
セーリオ,東京都中野区上高田５,63000.0,2000.0,63000.0,,2,1R,19.87,24,2,新井薬師前駅,2,13.67,8.99,7.39,28
西武新宿線 新井薬師前駅 2階建 築24年,東京都中野区上高田５,63000.0,2000.0,63000.0,,2,1R,19.87,24,2,新井薬師前駅,2,13.67,8.99,7.39,28
西武新宿線 新井薬師前駅 5階建 築35年,東京都中野区上高田２,59000.0,3000.0,,,3,1R,15.87,35,5,新井薬師前駅,5,12.33,8.99,7.39,32
アートイン中野,東京都中野区上高田３,55000.0,8000.0,55000.0,55000.0,3,1R,15.13,42,4,新井薬師前駅,3,10.67,8.99,7.39,33
西武新宿線 新井薬師前駅 4階建 築42年,東京都中野区上高田３,55000.0,8000.0,55000.0,55000.0,3,1R,15.13,42,4,新井薬師前駅,3,12.33,8.99,7.39,33
アーバンプレイス新井薬師前,東京都中野区上高田５,53000.0,3000.0,53000.0,,1,1R,9.5,15,2,新井薬師前駅,8,11.67,8.99,7.39,37
アーバンハイツ,東京都中野区上高田５,53000.0,,,,2,1R,16.0,40,4,新井薬師前駅,4,12.33,8.99,7.39,37
フェリスステージ,東京都中野区上高田５,52000.0,3000.0,,,2,1R,9.83,11,2,新井薬師前駅,5,13.0,8.99,7.39,39
ハイシティ中野,東京都中野区上高田３,52000.0,7000.0,52000.0,52000.0,3,1R,14.48,43,5,新井薬師前駅,8,12.0,8.99,7.39,39
メゾン上高田,東京都中野区上高田３,46000.0,,50000.0,,2,1R,11.11,36,2,新井薬師前駅,7,12.33,8.99,7.39,41
ライフピアデュオ,東京都中野区上高田５,46000.0,3000.0,,,1,1R,10.61,39,2,新井薬師前駅,5,12.0,8.99,7.39,41
西武新宿線 新井薬師前駅 2階建 築36年,東京都中野区上高田３,46000.0,,50000.0,,2,1R,11.11,36,2,新井薬師前駅,7,12.33,8.99,7.39,41
プレール・ドゥーク中野上高田,東京都中野区上高田３,140000.0,11000.0,,140000.0,2,1R,25.65,2,4,新井薬師前駅,7,12.33,8.99,7.39,48
西武新宿線 新井薬師前駅 4階建 築2年,東京都中野区上高田３,140000.0,11000.0,,140000.0,2,1R,25.65,2,4,新井薬師前駅,7,12.33,8.99,7.39,48
西武新宿線 新井薬師前駅 9階建 築9年,東京都中野区上高田３,119000.0,12000.0,,,5,1R,25.41,9,9,新井薬師前駅,3,12.0,8.99,7.39,54
Ｂ　ＣＩＴＹ　ＡＰＡＲＴＭＥＮＴ　ＮＡＫＡＮＯ　ＥＡＳＴ,東京都中野区上高田３,113000.0,12000.0,,113000.0,2,1R,25.59,9,9,新井薬師前駅,4,12.67,8.99,7.39,57
エレガンス上高田B,東京都中野区上高田１,77000.0,1000.0,77000.0,77000.0,1,1DK,21.0,33,2,東中野駅,9,11.67,11.63,10.76,17
レジデンス東中野ガーデン,東京都中野区東中野５,138000.0,9000.0,138000.0,,1,1DK,27.1,3,5,東中野駅,7,10.67,11.63,10.76,54
ＪＲ中央線 東中野駅 5階建 築3年,東京都中野区東中野５,138000.0,9000.0,138000.0,,1,1DK,27.1,3,5,東中野駅,7,11.0,11.63,10.76,54
プライムブリス東中野駅前,東京都中野区東中野１,137000.0,10000.0,137000.0,,2,1DK,25.55,2,12,東中野駅,1,9.33,11.63,10.76,56
ＪＲ中央線 東中野駅 12階建 築2年,東京都中野区東中野１,137000.0,10000.0,137000.0,,4,1DK,25.37,2,12,東中野駅,1,9.33,11.63,10.76,56
東中野レジデンス,東京都中野区中野６,120000.0,5000.0,120000.0,,1,1DK,30.94,23,3,東中野駅,8,9.67,11.63,10.76,62
ＢＲＡＮＤ　ＮＥＷ　ＷＡＶＥ,東京都中野区東中野５,115000.0,5000.0,115000.0,115000.0,3,1DK,29.0,25,4,東中野駅,3,8.0,11.63,10.76,73
ＪＲ中央線 東中野駅 4階建 築25年,東京都中野区東中野５,115000.0,5000.0,115000.0,115000.0,2,1DK,25.11,25,4,東中野駅,2,6.33,11.63,10.76,73
ＪＲ総武線 東中野駅 7階建 築55年,東京都中野区東中野３,108000.0,7000.0,108000.0,108000.0,3,1DK,32.67,55,7,東中野駅,3,6.0,11.63,10.76,77
苑田ビル,東京都中野区東中野３,95000.0,,95000.0,95000.0,2,1K,25.0,26,4,東中野駅,5,7.67,11.63,8.74,1
ＪＲ中央線 東中野駅 6階建 築21年,東京都中野区東中野４,95000.0,10000.0,,95000.0,5,1K,24.97,21,6,東中野駅,2,7.0,11.63,8.74,1
ラグジュアリーアパートメント東中野,東京都中野区東中野４,87000.0,6000.0,87000.0,87000.0,3,1K,21.34,21,6,東中野駅,2,7.33,11.63,8.74,8
ＪＲ総武線 東中野駅 2階建 築13年,東京都中野区上高田１,84000.0,5000.0,84000.0,84000.0,2,1K,25.3,13,2,東中野駅,7,8.67,11.63,8.74,9
ＪＲ中央線 東中野駅 5階建 築22年,東京都中野区東中野３,82000.0,3000.0,82000.0,82000.0,2,1K,18.3,22,5,東中野駅,2,7.0,11.63,8.74,10
プレール・ドゥーク北新宿IV,東京都新宿区北新宿４,82000.0,10000.0,,82000.0,1,1K,20.01,17,6,東中野駅,10,13.33,11.63,8.74,10
パークウェル東中野,東京都中野区東中野５,81000.0,9000.0,81000.0,81000.0,7,1K,19.86,27,8,東中野駅,3,6.67,11.63,8.74,14
ＪＲ中央線 東中野駅 8階建 築27年,東京都中野区東中野５,81000.0,9000.0,81000.0,81000.0,7,1K,19.86,27,8,東中野駅,3,6.67,11.63,8.74,14
ＪＲ中央線 東中野駅 3階建 築15年,東京都中野区東中野４,77000.0,2000.0,77000.0,,1,1K,19.8,15,3,東中野駅,3,7.33,11.63,8.74,17
ＪＲ中央線 東中野駅 2階建 築39年,東京都中野区東中野３,60000.0,,60000.0,,1,1K,17.0,39,2,東中野駅,3,4.33,11.63,8.74,20
メゾンサクラ,東京都中野区東中野３,67000.0,3000.0,67000.0,,2,1K,20.0,31,3,東中野駅,3,5.67,11.63,8.74,24
ウインナーズコーポ,東京都中野区東中野４,62000.0,2000.0,62000.0,62000.0,2,1K,18.15,33,2,東中野駅,4,7.33,11.63,8.74,26
ユニゾンタワー,東京都中野区東中野５,160000.0,10000.0,160000.0,80000.0,24,1K,28.29,18,5,東中野駅,1,8.33,11.63,8.74,36
宝秀コーポ,東京都中野区東中野３,146000.0,4000.0,,146000.0,2,1K,35.49,31,3,東中野駅,4,8.67,11.63,8.74,45
パティーナ　エーレ東中野,東京都中野区東中野１,145000.0,11000.0,,145000.0,8,1K,26.06,7,10,東中野駅,2,8.67,11.63,8.74,46
ＪＲ中央線 東中野駅 10階建 築7年,東京都中野区東中野１,145000.0,11000.0,,145000.0,8,1K,26.06,7,10,東中野駅,2,8.67,11.63,8.74,46
ＪＲ中央線 東中野駅 31階建 築18年,東京都中野区東中野５,139000.0,10000.0,139000.0,139000.0,7,1K,28.29,18,31,東中野駅,1,8.33,11.63,8.74,52
ＪＲ中央線 東中野駅 5階建 築2年,東京都中野区東中野５,129500.0,15000.0,,,2,1K,28.87,2,5,東中野駅,7,9.0,11.63,8.74,63
ＪＲ中央線 東中野駅 5階建 築5年,東京都新宿区北新宿４,129500.0,15000.0,,129500.0,1,1K,26.14,5,5,東中野駅,8,11.67,11.63,8.74,63
PREMIUM CUBE 東中野,東京都中野区中野２,129500.0,15000.0,,129500.0,1,1K,26.14,5,5,東中野駅,9,11.33,11.63,8.74,63
ルネサンスコート東中野,東京都中野区東中野５,127000.0,11000.0,,,1,1K,25.5,3,4,東中野駅,3,7.67,11.63,8.74,66
ＪＲ中央線 東中野駅 4階建 築3年,東京都中野区東中野５,127000.0,11000.0,,,1,1K,25.5,3,4,東中野駅,4,8.0,11.63,8.74,66
ヴォーガコルテ東中野,東京都中野区東中野３,125000.0,10000.0,,,3,1K,33.6,6,4,東中野駅,3,5.67,11.63,8.74,68
PREMIUM　CUBE　東中野,東京都新宿区北新宿４,121000.0,15000.0,,121000.0,3,1K,25.5,5,5,東中野駅,8,11.33,11.63,8.74,69
ＪＲ中央線 東中野駅 9階建 築9年,東京都新宿区北新宿４,118000.0,7000.0,118000.0,118000.0,4,1K,25.5,9,9,東中野駅,8,12.33,11.63,8.74,70
プラトリエ北新宿,東京都新宿区北新宿４,117000.0,8000.0,,,5,1K,25.0,4,9,東中野駅,8,12.67,11.63,8.74,71
アヴィニティー東中野,東京都新宿区北新宿４,117000.0,11000.0,,117000.0,7,1K,20.73,22,7,東中野駅,7,9.67,11.63,8.74,71
ＪＲ中央線 東中野駅 9階建 築4年,東京都新宿区北新宿４,111000.0,8000.0,,,3,1K,25.0,4,9,東中野駅,8,12.67,11.63,8.74,75
ＪＲ中央線 東中野駅 5階建 築50年,東京都中野区東中野５,100000.0,5000.0,100000.0,100000.0,2,1K,31.5,50,5,東中野駅,3,7.67,11.63,8.74,76
スカイコートヒルズ北新宿,東京都新宿区北新宿４,106000.0,7000.0,106000.0,106000.0,1,1K,25.5,9,9,東中野駅,8,12.33,11.63,8.74,79
ＦＵＴＡＢＡ,東京都中野区東中野３,105000.0,3000.0,105000.0,105000.0,1,1K,34.66,9,2,東中野駅,4,7.33,11.63,8.74,80
クレールＯＳＹ,東京都中野区東中野４,105000.0,10000.0,,105000.0,4,1K,23.0,24,6,東中野駅,3,7.0,11.63,8.74,80
ＪＲ中央線 東中野駅 6階建 築24年,東京都中野区東中野４,105000.0,10000.0,,105000.0,4,1K,23.0,24,6,東中野駅,4,6.33,11.63,8.74,80
メゾン江尻,東京都中野区上高田１,94000.0,1000.0,94000.0,94000.0,1,1LDK,35.37,35,2,東中野駅,8,9.33,11.63,14.4,3
ＪＲ中央線 東中野駅 12階建 新築,東京都中野区東中野１,180000.0,15000.0,180000.0,,9,1LDK,28.87,0,12,東中野駅,3,9.33,11.63,14.4,32
East228,東京都中野区東中野２,189000.0,5000.0,189000.0,189000.0,3,1LDK,45.28,5,3,東中野駅,4,11.0,11.63,14.4,33
ＪＲ中央線 東中野駅 6階建 築17年,東京都新宿区北新宿４,172000.0,10000.0,,,6,1LDK,40.0,17,6,東中野駅,8,12.0,11.63,14.4,35
ＪＲ中央線 東中野駅 3階建 築14年,東京都中野区東中野５,160000.0,7000.0,,320000.0,3,1LDK,40.07,14,3,東中野駅,7,9.33,11.63,14.4,36
カーメル共栄,東京都中野区東中野５,160000.0,7000.0,,320000.0,3,1LDK,40.07,14,3,東中野駅,7,9.67,11.63,14.4,36
ＪＲ中央線 東中野駅 7階建 築19年,東京都新宿区北新宿４,160000.0,11000.0,160000.0,160000.0,5,1LDK,39.78,19,7,東中野駅,8,12.33,11.63,14.4,36
ＪＲ総武線 東中野駅 4階建 築8年,東京都新宿区北新宿４,160000.0,7000.0,,320000.0,4,1LDK,35.09,8,4,東中野駅,9,12.33,11.63,14.4,36
ＪＲ中央線 東中野駅 15階建 築16年,東京都中野区東中野１,168000.0,14000.0,168000.0,,10,1LDK,40.6,16,15,東中野駅,1,9.0,11.63,14.4,41
グランメゾン東中野,東京都中野区東中野４,155000.0,5000.0,155000.0,310000.0,1,1LDK,34.06,5,3,東中野駅,3,7.0,11.63,14.4,43
ＪＲ総武線 東中野駅 9階建 築9年,東京都新宿区北新宿４,141000.0,14000.0,,141000.0,6,1LDK,37.01,9,9,東中野駅,5,10.33,11.63,14.4,48
ドルチェ　ドミール,東京都新宿区北新宿４,141000.0,14000.0,,141000.0,6,1LDK,37.01,9,9,東中野駅,5,10.0,11.63,14.4,48
エクラ東中野,東京都中野区東中野１,141000.0,7000.0,141000.0,211500.0,3,1LDK,39.34,12,3,東中野駅,3,8.0,11.63,14.4,48
ＪＲ中央線 東中野駅 3階建 築2年,東京都中野区東中野４,185000.0,5000.0,185000.0,370000.0,1,1SLDK,54.78,2,3,東中野駅,4,7.0,11.63,18.3,34
ＪＲ中央線 東中野駅 2階建 築40年,東京都中野区東中野３,135000.0,2000.0,135000.0,135000.0,1,2DK,40.0,40,2,東中野駅,6,9.33,11.63,12.47,58
ホワイトハイムタナカ,東京都中野区東中野３,135000.0,2000.0,135000.0,135000.0,1,2DK,36.7,33,2,東中野駅,10,11.67,11.63,12.47,58
ホワイトハイムタナカ,東京都中野区東中野３,135000.0,2000.0,135000.0,135000.0,1,2DK,35.64,40,2,東中野駅,5,10.67,11.63,12.47,58
ＪＲ中央線 東中野駅 4階建 築47年,東京都新宿区北新宿４,132000.0,,132000.0,,3,2DK,40.0,47,4,東中野駅,8,11.0,11.63,12.47,61
コンフォリア・リヴ東中野,東京都中野区上高田１,139000.0,10000.0,139000.0,,1,2K,25.37,0,4,東中野駅,9,11.67,11.63,9.95,52
北新宿ハピネス大町,東京都新宿区北新宿４,150000.0,10000.0,150000.0,150000.0,5,2LDK,51.44,45,5,東中野駅,7,10.33,11.63,18.98,42
小滝台マンション,東京都中野区東中野５,250000.0,,250000.0,250000.0,3,3LDK,66.55,38,7,東中野駅,8,10.0,11.63,23.03,30
グランエッグス東中野,東京都中野区東中野３,80000.0,5000.0,,80000.0,1,1R,16.0,7,2,東中野駅,5,10.67,11.63,7.39,4
ＪＲ中央線 東中野駅 2階建 築7年,東京都中野区東中野３,80000.0,5000.0,,80000.0,1,1R,16.0,7,2,東中野駅,8,10.67,11.63,7.39,4
ＪＲ中央線 東中野駅 2階建 築19年,東京都中野区東中野３,80000.0,3000.0,80000.0,80000.0,1,1R,17.5,19,2,東中野駅,3,8.67,11.63,7.39,4
ＣＯＣＯＦＬＡＴ東中野,東京都新宿区北新宿４,89000.0,6000.0,89000.0,89000.0,3,1R,20.65,9,5,東中野駅,3,8.67,11.63,7.39,7
ＡＯＫＩビル,東京都中野区東中野３,82000.0,3000.0,82000.0,82000.0,6,1R,21.0,29,7,東中野駅,4,6.67,11.63,7.39,10
都営大江戸線 東中野駅 7階建 築29年,東京都中野区東中野３,82000.0,3000.0,82000.0,82000.0,6,1R,21.0,29,7,東中野駅,3,4.67,11.63,7.39,10
青林堂ハウス,東京都中野区東中野３,70000.0,3000.0,70000.0,70000.0,3,1R,17.6,32,3,東中野駅,4,6.67,11.63,7.39,16
ＪＲ総武線 東中野駅 6階建 築24年,東京都新宿区北新宿４,75000.0,5000.0,75000.0,75000.0,4,1R,23.8,24,6,東中野駅,7,12.0,11.63,7.39,19
ハイムゆうび,東京都中野区東中野３,60000.0,2000.0,60000.0,,2,1R,17.0,37,3,東中野駅,5,7.33,11.63,7.39,20
ライフピア東中野,東京都中野区東中野３,60000.0,5000.0,60000.0,60000.0,2,1R,14.5,39,2,東中野駅,9,12.0,11.63,7.39,20
ＪＲ中央線 東中野駅 3階建 築35年,東京都中野区東中野３,69000.0,3000.0,69000.0,,3,1R,17.33,35,3,東中野駅,3,6.67,11.63,7.39,23
セーリングビル,東京都中野区東中野５,65000.0,3000.0,65000.0,65000.0,1,1R,18.0,40,5,東中野駅,3,7.0,11.63,7.39,25
コーポ東中野　Ｂ,東京都中野区東中野４,55000.0,,55000.0,,2,1R,10.59,34,2,東中野駅,4,7.0,11.63,7.39,27
アパートメント435,東京都中野区東中野４,53000.0,2000.0,53000.0,,2,1R,10.0,71,2,東中野駅,2,6.67,11.63,7.39,28
大庭ビル,東京都新宿区北新宿４,52000.0,2000.0,52000.0,52000.0,2,1R,12.21,46,4,東中野駅,10,12.33,11.63,7.39,29
不二園ビル,東京都中野区東中野３,198000.0,22000.0,594000.0,198000.0,5,1R,45.6,31,6,東中野駅,1,8.0,11.63,7.39,31
ミリアレジデンス北新宿,東京都新宿区北新宿４,151000.0,10000.0,151000.0,,3,1R,33.64,14,7,東中野駅,9,11.67,11.63,7.39,44
パークハビオ東中野,東京都中野区東中野１,130000.0,8000.0,130000.0,130000.0,3,1R,26.7,15,2,東中野駅,1,7.67,11.63,7.39,51
アーバンフラット1,東京都中野区東中野３,107000.0,,,107000.0,2,1R,40.0,34,4,東中野駅,5,8.67,11.63,7.39,78
ＣＯＣＯＦＬＡＴ東中野II,東京都中野区東中野３,102000.0,5000.0,102000.0,,3,1R,24.13,6,4,東中野駅,6,8.0,11.63,7.39,83
都営大江戸線 東中野駅 4階建 築6年,東京都中野区東中野３,102000.0,5000.0,102000.0,,3,1R,24.13,6,4,東中野駅,5,8.33,11.63,7.39,83
ハーモニーレジデンス東京ウエスト,東京都豊島区南長崎５,90000.0,12000.0,90000.0,90000.0,2,1K,21.8,12,6,東長崎駅,4,10.0,10.27,8.74,1
西武池袋線 東長崎駅 6階建 築12年,東京都豊島区南長崎５,90000.0,12000.0,90000.0,90000.0,2,1K,21.8,12,6,東長崎駅,4,10.0,10.27,8.74,1
南長崎3-28貸家,東京都豊島区南長崎３,128000.0,,128000.0,128000.0,1,1LDK,41.96,5,2,東長崎駅,8,13.0,10.27,14.4,3
スカイコート落合,東京都新宿区中落合２,70000.0,4500.0,70000.0,,1,1K,15.04,40,4,椎名町駅,8,9.67,8.61,8.74,2
グリーンヒルVII,東京都新宿区中落合３,69000.0,,69000.0,,1,1K,18.64,28,4,椎名町駅,8,10.67,8.61,8.74,9
アニバーサリーアキ,東京都豊島区南長崎１,69000.0,,69000.0,69000.0,2,1K,22.11,28,3,椎名町駅,3,13.0,8.61,8.74,9
ブルーベル,東京都新宿区中落合２,58000.0,3000.0,,,1,1K,19.9,40,2,椎名町駅,10,10.33,8.61,8.74,11
えのき荘,東京都豊島区南長崎３,56000.0,1000.0,56000.0,56000.0,2,1K,21.0,46,2,椎名町駅,9,13.0,8.61,8.74,12
プレサンス新宿中落合メーディオ,東京都新宿区中落合３,130000.0,10000.0,,130000.0,6,1K,25.5,2,8,椎名町駅,7,10.33,8.61,8.74,14
西武池袋線 椎名町駅 9階建 築19年,東京都新宿区下落合４,100000.0,13000.0,,100000.0,4,1K,26.11,19,9,椎名町駅,7,10.67,8.61,8.74,15
目白シティ,東京都新宿区中落合２,109000.0,5800.0,,218000.0,4,1K,33.85,18,8,椎名町駅,8,10.67,8.61,8.74,16
ガリシア南長崎,東京都豊島区南長崎２,103500.0,12000.0,,,2,1K,25.5,4,5,椎名町駅,7,12.67,8.61,8.74,17
ディアレイシャス新宿中落合,東京都新宿区中落合３,102000.0,8000.0,102000.0,132600.0,3,1K,25.69,9,10,椎名町駅,7,9.33,8.61,8.74,18
サクシードレジデンス中落合,東京都新宿区中落合３,149000.0,9000.0,,,4,1LDK,30.17,0,4,椎名町駅,8,9.67,8.61,14.4,13
ビッグベル,東京都新宿区中落合３,95000.0,5000.0,95000.0,95000.0,3,2DK,35.9,37,4,椎名町駅,9,10.0,8.61,12.47,1
ラシーヌ目白,東京都豊島区南長崎１,70000.0,3000.0,70000.0,70000.0,2,1R,21.85,22,4,椎名町駅,6,10.33,8.61,7.39,2
ＢＲＩＣＫＳ目白,東京都新宿区中落合２,75000.0,5000.0,75000.0,75000.0,2,1R,19.4,28,3,椎名町駅,8,11.0,8.61,7.39,4
西武池袋線 椎名町駅 3階建 築28年,東京都新宿区中落合２,75000.0,5000.0,75000.0,75000.0,2,1R,19.4,28,3,椎名町駅,8,11.0,8.61,7.39,4
サンテミリオン目白西,東京都新宿区中落合２,75000.0,10000.0,,,1,1R,25.5,24,9,椎名町駅,8,10.33,8.61,7.39,4
ＤＷＥＬＬ・ＰＡＬ,東京都豊島区南長崎２,72000.0,3000.0,,,1,1R,22.49,32,2,椎名町駅,9,10.67,8.61,7.39,7
ティアラタワー中落合,東京都新宿区中落合３,72000.0,,72000.0,,5,1R,23.34,20,5,椎名町駅,7,8.33,8.61,7.39,7
かたばみ苑第２,東京都新宿区西落合３,70000.0,2000.0,70000.0,70000.0,2,1DK,29.1,38,2,落合南長崎駅,5,12.0,9.82,10.76,31
都営大江戸線 落合南長崎駅 2階建 築23年,東京都豊島区南長崎４,75000.0,,75000.0,75000.0,1,1DK,27.96,23,2,落合南長崎駅,4,10.0,9.82,10.76,39
ヴァンサンカン,東京都豊島区南長崎５,60000.0,3000.0,60000.0,60000.0,2,1DK,22.1,34,2,落合南長崎駅,7,14.33,9.82,10.76,49
都営大江戸線 落合南長崎駅 9階建 新築,東京都新宿区西落合２,150000.0,10000.0,150000.0,,6,1DK,26.99,0,9,落合南長崎駅,9,12.33,9.82,10.76,112
blue palette新宿中落合,東京都新宿区中落合４,135000.0,10000.0,135000.0,,1,1DK,30.1,0,4,落合南長崎駅,7,9.67,9.82,10.76,124
ＭＡＩＳＯＮ　ＤＥ　ＦＡＭＩＬＬＥ,東京都新宿区中落合３,132000.0,5000.0,132000.0,132000.0,2,1DK,37.89,10,3,落合南長崎駅,3,9.67,9.82,10.76,127
パークアクシス新宿西落合,東京都新宿区西落合２,132000.0,10000.0,132000.0,,2,1DK,26.99,0,9,落合南長崎駅,9,12.67,9.82,10.76,127
都営大江戸線 落合南長崎駅 6階建 築25年,東京都豊島区南長崎３,120000.0,,120000.0,120000.0,4,1DK,30.0,25,6,落合南長崎駅,6,15.33,9.82,10.76,129
サウスコーラル,東京都豊島区南長崎３,120000.0,,120000.0,120000.0,4,1DK,29.7,25,6,落合南長崎駅,5,9.0,9.82,10.76,129
クリアル落合南長崎,東京都豊島区南長崎４,115000.0,10000.0,,,1,1DK,30.07,5,4,落合南長崎駅,6,8.33,9.82,10.76,145
都営大江戸線 落合南長崎駅 4階建 築5年,東京都豊島区南長崎４,115000.0,10000.0,,,1,1DK,30.07,5,4,落合南長崎駅,6,8.33,9.82,10.76,145
FLUFFY落合南長崎,東京都新宿区西落合１,111000.0,15000.0,,,1,1DK,25.1,3,5,落合南長崎駅,3,11.67,9.82,10.76,150
都営大江戸線 落合南長崎駅 5階建 築3年,東京都新宿区西落合１,111000.0,15000.0,,,1,1DK,25.1,3,5,落合南長崎駅,3,11.67,9.82,10.76,150
ガリシア新宿西落合II,東京都新宿区西落合２,107000.0,13000.0,,107000.0,4,1DK,25.79,4,5,落合南長崎駅,9,10.0,9.82,10.76,156
パルティーレ西落合,東京都新宿区西落合１,107000.0,5000.0,107000.0,,1,1DK,38.25,47,7,落合南長崎駅,5,12.67,9.82,10.76,156
都営大江戸線 落合南長崎駅 5階建 築4年,東京都新宿区西落合２,107000.0,13000.0,,107000.0,4,1DK,25.79,4,5,落合南長崎駅,9,13.0,9.82,10.76,156
都営大江戸線 落合南長崎駅 地下1地上6階建 築47年,東京都新宿区西落合１,107000.0,5000.0,107000.0,,1,1DK,38.25,47,7,落合南長崎駅,5,12.0,9.82,10.76,156
コスモ東長崎,東京都豊島区南長崎５,105000.0,5000.0,105000.0,105000.0,5,1DK,40.0,39,8,落合南長崎駅,3,9.67,9.82,10.76,165
パークコート中落合,東京都新宿区中落合３,90000.0,2000.0,,,1,1K,29.6,16,2,落合南長崎駅,7,10.67,9.82,8.74,1
クロムハイツ,東京都新宿区西落合１,90000.0,13000.0,90000.0,90000.0,5,1K,20.0,34,6,落合南長崎駅,4,11.0,9.82,8.74,1
都営大江戸線 落合南長崎駅 2階建 築16年,東京都新宿区中落合３,90000.0,2000.0,,,1,1K,29.6,16,2,落合南長崎駅,7,10.67,9.82,8.74,1
アーバイル新宿西落合,東京都新宿区西落合２,99000.0,10000.0,,,4,1K,33.59,20,4,落合南長崎駅,8,12.33,9.82,8.74,6
イムーブル落合南長崎,東京都新宿区西落合３,98000.0,7000.0,98000.0,98000.0,2,1K,34.84,16,2,落合南長崎駅,3,10.0,9.82,8.74,7
ベルペトラ,東京都新宿区西落合１,96000.0,5000.0,96000.0,192000.0,4,1K,25.47,16,7,落合南長崎駅,5,11.33,9.82,8.74,8
都営大江戸線 落合南長崎駅 7階建 築16年,東京都新宿区西落合１,96000.0,5000.0,96000.0,192000.0,4,1K,25.47,16,7,落合南長崎駅,5,11.33,9.82,8.74,8
リブリ・オークスハイツ,東京都新宿区中落合４,95000.0,4000.0,,95000.0,2,1K,28.98,9,2,落合南長崎駅,8,10.0,9.82,8.74,10
都営大江戸線 落合南長崎駅 10階建 築17年,東京都新宿区中落合３,95000.0,10000.0,95000.0,,8,1K,20.66,17,10,落合南長崎駅,5,10.0,9.82,8.74,10
メゾン・ド・オーク,東京都豊島区南長崎４,94000.0,5000.0,,94000.0,1,1K,29.14,17,4,落合南長崎駅,3,10.0,9.82,8.74,13
都営大江戸線 落合南長崎駅 2階建 築9年,東京都豊島区南長崎３,80000.0,3000.0,80000.0,80000.0,1,1K,26.08,9,2,落合南長崎駅,5,10.67,9.82,8.74,14
都営大江戸線 落合南長崎駅 3階建 築20年,東京都新宿区西落合１,80000.0,2000.0,,80000.0,2,1K,24.15,20,3,落合南長崎駅,3,9.67,9.82,8.74,14
カーサピアッツァ新宿西落合,東京都新宿区西落合１,89000.0,3000.0,89000.0,89000.0,1,1K,18.8,5,4,落合南長崎駅,7,11.0,9.82,8.74,16
都営大江戸線 落合南長崎駅 4階建 築5年,東京都新宿区西落合１,89000.0,3000.0,89000.0,89000.0,1,1K,18.8,5,4,落合南長崎駅,7,13.67,9.82,8.74,16
ブランリヴェールＡ,東京都新宿区中落合４,89000.0,6500.0,,89000.0,1,1K,29.25,18,2,落合南長崎駅,9,11.33,9.82,8.74,16
サチ・ベルマン西落合マンション,東京都新宿区西落合１,88000.0,7000.0,88000.0,,4,1K,25.74,9,7,落合南長崎駅,8,14.0,9.82,8.74,19
メインステージ中落合,東京都新宿区中落合３,86000.0,6000.0,,86000.0,2,1K,26.4,27,9,落合南長崎駅,9,11.0,9.82,8.74,20
都営大江戸線 落合南長崎駅 9階建 築27年,東京都新宿区中落合３,86000.0,6000.0,,86000.0,2,1K,26.4,27,9,落合南長崎駅,9,10.67,9.82,8.74,20
ルーブル新宿西落合八番館,東京都新宿区西落合２,86500.0,13500.0,,86500.0,3,1K,25.74,11,5,落合南長崎駅,9,12.67,9.82,8.74,23
都営大江戸線 落合南長崎駅 5階建 築11年,東京都新宿区西落合２,86500.0,13500.0,,86500.0,3,1K,25.74,11,5,落合南長崎駅,9,12.67,9.82,8.74,23
都営大江戸線 落合南長崎駅 4階建 築14年,東京都新宿区西落合２,85000.0,10000.0,85000.0,85000.0,2,1K,25.67,14,4,落合南長崎駅,8,13.0,9.82,8.74,25
都営大江戸線 落合南長崎駅 5階建 築25年,東京都豊島区南長崎３,84000.0,10000.0,,,5,1K,22.9,25,5,落合南長崎駅,5,11.0,9.82,8.74,26
AZEST西落合,東京都新宿区西落合２,84500.0,15000.0,,,1,1K,26.85,14,4,落合南長崎駅,8,13.0,9.82,8.74,27
都営大江戸線 落合南長崎駅 3階建 築25年,東京都新宿区西落合１,82000.0,4000.0,82000.0,82000.0,3,1K,21.0,25,3,落合南長崎駅,9,11.33,9.82,8.74,28
サン・リーフ,東京都新宿区西落合１,82000.0,4000.0,82000.0,82000.0,3,1K,21.0,25,3,落合南長崎駅,9,11.33,9.82,8.74,28
プレール・ドゥーク目白,東京都新宿区中落合３,81000.0,8000.0,,81000.0,2,1K,21.17,23,10,落合南長崎駅,4,10.67,9.82,8.74,30
グランヴァン西落合,東京都新宿区西落合３,70000.0,15000.0,,70000.0,4,1K,20.6,26,4,落合南長崎駅,5,11.67,9.82,8.74,31
都営大江戸線 落合南長崎駅 8階建 築17年,東京都新宿区西落合１,79000.0,15000.0,,79000.0,6,1K,21.98,17,8,落合南長崎駅,8,11.33,9.82,8.74,36
ベルグレードOM,東京都新宿区西落合１,79000.0,15000.0,,79000.0,6,1K,21.98,17,8,落合南長崎駅,8,12.33,9.82,8.74,36
ルーブル新宿西落合参番館,東京都新宿区西落合１,76000.0,6000.0,,76000.0,2,1K,20.25,22,5,落合南長崎駅,9,11.33,9.82,8.74,38
スカイコート新宿落合南長崎駅前,東京都新宿区西落合３,75000.0,8000.0,75000.0,75000.0,3,1K,21.0,22,7,落合南長崎駅,3,8.33,9.82,8.74,39
ＡＸＡＳ新宿中落合,東京都新宿区中落合３,75000.0,10000.0,,75000.0,4,1K,20.66,17,10,落合南長崎駅,5,10.67,9.82,8.74,39
都営大江戸線 落合南長崎駅 7階建 築22年,東京都新宿区西落合３,75000.0,8000.0,75000.0,75000.0,3,1K,21.0,22,7,落合南長崎駅,3,10.33,9.82,8.74,39
マ・メゾンＫ＆Ｈ,東京都新宿区中落合４,74000.0,5000.0,,74000.0,2,1K,19.6,23,2,落合南長崎駅,6,10.67,9.82,8.74,43
都営大江戸線 落合南長崎駅 2階建 築22年,東京都豊島区南長崎４,74000.0,5000.0,74000.0,74000.0,1,1K,21.53,22,2,落合南長崎駅,1,8.0,9.82,8.74,43
都営大江戸線 落合南長崎駅 4階建 築26年,東京都新宿区西落合３,73000.0,15000.0,,73000.0,4,1K,20.34,26,4,落合南長崎駅,5,11.67,9.82,8.74,46
都営大江戸線 落合南長崎駅 4階建 築26年,東京都新宿区西落合１,73000.0,3000.0,73000.0,73000.0,3,1K,19.04,26,4,落合南長崎駅,6,12.67,9.82,8.74,46
アヴァンティ哲学堂公園,東京都新宿区西落合１,73000.0,3000.0,73000.0,73000.0,3,1K,19.04,26,4,落合南長崎駅,6,11.33,9.82,8.74,46
グリーンヒル,東京都新宿区中落合４,69000.0,,69000.0,,3,1K,19.0,32,3,落合南長崎駅,6,10.0,9.82,8.74,53
ルーブル中落合,東京都新宿区中落合３,69000.0,12000.0,69000.0,69000.0,2,1K,20.07,19,9,落合南長崎駅,3,10.0,9.82,8.74,53
都営大江戸線 落合南長崎駅 3階建 築32年,東京都新宿区中落合４,69000.0,,69000.0,69000.0,3,1K,19.0,32,3,落合南長崎駅,6,12.67,9.82,8.74,53
都営大江戸線 落合南長崎駅 9階建 築19年,東京都新宿区中落合３,69000.0,12000.0,,69000.0,3,1K,20.07,19,9,落合南長崎駅,3,10.33,9.82,8.74,53
サンプラザ西落合,東京都新宿区西落合１,69000.0,,69000.0,69000.0,1,1K,19.0,24,3,落合南長崎駅,1,7.67,9.82,8.74,53
クレスト中落合,東京都新宿区中落合４,68000.0,2000.0,68000.0,68000.0,1,1K,0.0,31,2,落合南長崎駅,4,10.33,9.82,8.74,59
豊コーポ,東京都新宿区西落合３,67000.0,3000.0,67000.0,67000.0,2,1K,24.0,30,2,落合南長崎駅,3,12.67,9.82,8.74,60
都営大江戸線 落合南長崎駅 2階建 築30年,東京都新宿区西落合３,67000.0,3000.0,67000.0,67000.0,2,1K,24.0,30,2,落合南長崎駅,3,12.67,9.82,8.74,60
あおばトラスト中落合,東京都新宿区中落合３,66000.0,3000.0,,,1,1K,17.76,12,3,落合南長崎駅,2,10.0,9.82,8.74,62
日神パレステージ南長崎,東京都新宿区西落合３,65000.0,5000.0,65000.0,65000.0,8,1K,16.53,32,11,落合南長崎駅,1,8.0,9.82,8.74,63
都営大江戸線 落合南長崎駅 4階建 築29年,東京都新宿区西落合３,65000.0,5000.0,,65000.0,2,1K,18.81,29,4,落合南長崎駅,2,10.0,9.82,8.74,63
ひかりコーポ,東京都新宿区中落合４,59000.0,,,,1,1K,18.53,41,2,落合南長崎駅,7,11.33,9.82,8.74,79
プラザ哲学堂,東京都新宿区西落合２,59000.0,5000.0,59000.0,,1,1K,19.1,31,5,落合南長崎駅,7,11.33,9.82,8.74,79
第５新栄ビル,東京都新宿区中落合３,58000.0,5000.0,58000.0,58000.0,4,1K,19.06,39,8,落合南長崎駅,2,9.67,9.82,8.74,83
メゾンコスモス,東京都新宿区中落合３,55000.0,3000.0,55000.0,,2,1K,18.41,35,2,落合南長崎駅,5,10.0,9.82,8.74,88
西武新宿線 中井駅 2階建 築35年,東京都新宿区中落合３,55000.0,3000.0,55000.0,,2,1K,17.58,35,2,落合南長崎駅,5,10.0,9.82,8.74,88
レジデンス新宿中落合スクエア,東京都新宿区中落合３,128000.0,15000.0,,,1,1K,25.51,5,5,落合南長崎駅,9,10.0,9.82,8.74,137
アークマーク新宿西落合,東京都新宿区西落合２,122000.0,12000.0,122000.0,,1,1K,25.26,0,6,落合南長崎駅,9,13.0,9.82,8.74,141
都営大江戸線 落合南長崎駅 5階建 新築,東京都新宿区西落合１,122000.0,12000.0,,,1,1K,20.33,0,5,落合南長崎駅,3,11.0,9.82,8.74,141
レピュア落合南長崎駅前,東京都新宿区西落合１,122000.0,12000.0,,,1,1K,20.33,0,5,落合南長崎駅,3,11.67,9.82,8.74,141
都営大江戸線 落合南長崎駅 6階建 築1年,東京都新宿区西落合２,116000.0,12000.0,116000.0,,1,1K,25.26,1,6,落合南長崎駅,9,13.0,9.82,8.74,144
HY’s 新宿西落合,東京都新宿区西落合１,109000.0,12000.0,,109000.0,2,1K,25.51,5,5,落合南長崎駅,7,13.0,9.82,8.74,152
都営大江戸線 落合南長崎駅 5階建 築5年,東京都新宿区西落合１,109000.0,12000.0,,109000.0,2,1K,25.51,5,5,落合南長崎駅,7,13.0,9.82,8.74,152
都営大江戸線 落合南長崎駅 4階建 築6年,東京都新宿区西落合１,108000.0,10000.0,,,2,1K,26.21,6,4,落合南長崎駅,7,12.33,9.82,8.74,154
ベルシード新宿中落合,東京都新宿区中落合３,108000.0,15000.0,,108000.0,3,1K,25.74,7,9,落合南長崎駅,7,10.0,9.82,8.74,154
メイクスデザイン新宿落合,東京都新宿区西落合１,107000.0,12000.0,107000.0,,8,1K,26.44,8,9,落合南長崎駅,1,9.33,9.82,8.74,156
都営大江戸線 落合南長崎駅 9階建 築8年,東京都新宿区西落合１,107000.0,12000.0,107000.0,,8,1K,26.1,8,9,落合南長崎駅,1,8.67,9.82,8.74,156
ＡＬＩＶＩＯ西落合,東京都新宿区西落合２,106000.0,6000.0,106000.0,106000.0,3,1K,25.08,6,5,落合南長崎駅,8,14.0,9.82,8.74,162
スカイコートグレース新宿中落合,東京都新宿区西落合１,104800.0,8200.0,104800.0,104800.0,2,1K,25.6,6,4,落合南長崎駅,4,11.0,9.82,8.74,167
クレイノEVER西落合,東京都新宿区西落合１,101000.0,5500.0,,101000.0,2,1K,28.68,8,2,落合南長崎駅,4,10.67,9.82,8.74,168
オアーゼ新宿西落合レジデンス,東京都新宿区西落合１,179000.0,10000.0,179000.0,268500.0,4,1LDK,42.67,3,5,落合南長崎駅,6,13.0,9.82,14.4,105
都営大江戸線 落合南長崎駅 5階建 築3年,東京都新宿区西落合１,179000.0,10000.0,179000.0,268500.0,4,1LDK,42.67,3,5,落合南長崎駅,6,12.33,9.82,14.4,105
都営大江戸線 落合南長崎駅 5階建 築9年,東京都新宿区中落合３,156000.0,9000.0,156000.0,156000.0,2,1LDK,45.87,9,5,落合南長崎駅,8,10.33,9.82,14.4,113
プライムヒル哲学堂,東京都新宿区西落合２,138000.0,4600.0,,276000.0,3,1LDK,40.25,9,4,落合南長崎駅,8,13.67,9.82,14.4,118
都営大江戸線 落合南長崎駅 4階建 築9年,東京都新宿区西落合２,138000.0,4600.0,,276000.0,3,1LDK,40.25,9,4,落合南長崎駅,8,13.67,9.82,14.4,118
都営大江戸線 落合南長崎駅 地下1地上3階建 築18年,東京都新宿区西落合１,137000.0,7000.0,274000.0,137000.0,2,1LDK,38.88,18,4,落合南長崎駅,4,9.33,9.82,14.4,121
コージーコート西落合,東京都新宿区西落合１,137000.0,12000.0,274000.0,137000.0,1,1LDK,38.88,18,4,落合南長崎駅,3,9.33,9.82,14.4,121
落合エイトハウス,東京都新宿区中落合１,120000.0,3000.0,120000.0,120000.0,3,1LDK,33.0,48,3,落合南長崎駅,3,6.5,9.82,14.4,129
ＬＥＡＺＥＳ　ＴＥＲＲＡＣＥ,東京都新宿区西落合３,120000.0,,120000.0,120000.0,1,1LDK,48.38,27,4,落合南長崎駅,2,8.67,9.82,14.4,129
La Douceur西落合,東京都新宿区西落合１,129000.0,15000.0,,,2,1LDK,30.88,4,4,落合南長崎駅,4,12.0,9.82,14.4,135
都営大江戸線 落合南長崎駅 4階建 築4年,東京都新宿区西落合１,129000.0,15000.0,,,2,1LDK,30.88,4,4,落合南長崎駅,6,12.0,9.82,14.4,135
デルタハイム,東京都新宿区西落合１,105000.0,,105000.0,210000.0,4,1LDK,50.89,44,4,落合南長崎駅,3,9.0,9.82,14.4,165
メトロハイツ西落合,東京都新宿区西落合３,181000.0,9200.0,181000.0,181000.0,7,1SLDK,53.34,26,8,落合南長崎駅,1,8.67,9.82,18.3,104
都営大江戸線 落合南長崎駅 8階建 築26年,東京都新宿区西落合３,190000.0,21000.0,380000.0,380000.0,2,2DK,50.14,26,8,落合南長崎駅,1,8.33,9.82,12.47,101
アビタシオン落合,東京都新宿区西落合３,130000.0,3000.0,130000.0,130000.0,5,2DK,47.7,50,6,落合南長崎駅,1,7.67,9.82,12.47,116
都営大江戸線 落合南長崎駅 7階建 築34年,東京都新宿区西落合１,138000.0,9000.0,138000.0,276000.0,7,2DK,57.0,34,7,落合南長崎駅,5,11.33,9.82,12.47,118
パル・豊島館,東京都新宿区中落合３,133000.0,8000.0,133000.0,133000.0,4,2DK,47.46,31,8,落合南長崎駅,3,8.33,9.82,12.47,125
ロックハイツ,東京都新宿区西落合１,125000.0,9000.0,125000.0,250000.0,4,2DK,40.26,34,7,落合南長崎駅,5,11.33,9.82,12.47,139
ＰＲＥＺＩＯ,東京都新宿区西落合１,123000.0,,123000.0,123000.0,2,2DK,38.0,32,2,落合南長崎駅,5,11.0,9.82,12.47,140
西落合ハウス,東京都新宿区西落合３,114000.0,3000.0,114000.0,114000.0,3,2DK,50.81,53,4,落合南長崎駅,2,9.67,9.82,12.47,147
都営大江戸線 落合南長崎駅 4階建 築53年,東京都新宿区西落合３,114000.0,3000.0,114000.0,114000.0,3,2DK,50.81,53,4,落合南長崎駅,2,9.67,9.82,12.47,147
落合エイトハウス,東京都新宿区西落合１,106000.0,3000.0,106000.0,,1,2DK,33.7,48,3,落合南長崎駅,4,11.33,9.82,12.47,162
都営大江戸線 落合南長崎駅 3階建 築48年,東京都新宿区西落合１,106000.0,3000.0,106000.0,,1,2DK,33.0,48,3,落合南長崎駅,4,11.67,9.82,12.47,162
コーポタカキ,東京都豊島区南長崎２,86000.0,4000.0,,86000.0,1,2K,30.0,31,4,落合南長崎駅,9,11.33,9.82,9.95,20
都営大江戸線 落合南長崎駅 3階建 築47年,東京都新宿区中落合３,60000.0,,60000.0,,2,2K,25.0,47,3,落合南長崎駅,6,10.67,9.82,9.95,49
秋山ビル,東京都新宿区中落合３,60000.0,,60000.0,,2,2K,25.0,47,3,落合南長崎駅,6,10.67,9.82,9.95,49
ZOOM新宿西落合,東京都新宿区西落合１,137000.0,8000.0,137000.0,,6,2K,30.4,6,7,落合南長崎駅,6,13.67,9.82,9.95,121
都営大江戸線 落合南長崎駅 地下1地上4階建 築4年,東京都新宿区西落合１,128000.0,5000.0,,,1,2K,35.85,4,5,落合南長崎駅,7,12.67,9.82,9.95,137
HY’s 新宿西落合,東京都新宿区中落合１,114000.0,12000.0,,114000.0,2,2K,25.67,5,5,落合南長崎駅,7,11.33,9.82,9.95,147
ＭＡＩＳＯＮ　ＲＯＢＩＮ,東京都新宿区西落合１,211000.0,5000.0,105500.0,422000.0,1,2LDK,54.48,0,2,落合南長崎駅,3,11.67,9.82,18.98,99
都営大江戸線 落合南長崎駅 2階建 新築,東京都新宿区西落合１,211000.0,5000.0,105500.0,422000.0,1,2LDK,54.48,0,2,落合南長崎駅,3,11.67,9.82,18.98,99
Ｃｏｕｒｔ　Ｒｉｖｉｅｒａ,東京都新宿区西落合３,195000.0,15000.0,195000.0,195000.0,1,2LDK,60.53,1,2,落合南長崎駅,4,10.67,9.82,18.98,102
都営大江戸線 落合南長崎駅 2階建 築1年,東京都新宿区西落合３,195000.0,15000.0,195000.0,195000.0,1,2LDK,60.53,1,2,落合南長崎駅,2,10.0,9.82,18.98,102
ライオンズマンション西落合,東京都新宿区西落合１,176000.0,10000.0,176000.0,176000.0,5,2LDK,65.7,45,7,落合南長崎駅,3,9.67,9.82,18.98,107
都営大江戸線 落合南長崎駅 7階建 築45年,東京都新宿区西落合１,176000.0,10000.0,176000.0,176000.0,5,2LDK,65.7,45,7,落合南長崎駅,2,9.67,9.82,18.98,107
中落合戸建,東京都新宿区中落合３,175000.0,,350000.0,175000.0,1,2LDK,47.1,62,2,落合南長崎駅,7,10.67,9.82,18.98,109
都営大江戸線 落合南長崎駅 8階建 築31年,東京都新宿区中落合３,133000.0,8000.0,133000.0,133000.0,4,2LDK,47.46,31,8,落合南長崎駅,3,8.33,9.82,18.98,125
西落合ファミリーマンション,東京都新宿区西落合３,120000.0,,120000.0,120000.0,7,2LDK,40.0,53,10,落合南長崎駅,3,9.67,9.82,18.98,129
都営大江戸線 落合南長崎駅 10階建 築53年,東京都新宿区西落合３,120000.0,,120000.0,120000.0,7,2LDK,40.0,53,10,落合南長崎駅,3,9.67,9.82,18.98,129
新宿区西落合1丁目戸建,東京都新宿区西落合１,238000.0,,238000.0,238000.0,0,2SLDK,77.19,5,3,落合南長崎駅,8,11.5,9.82,20.88,98
ミラベルコート,東京都新宿区中落合３,145000.0,,145000.0,145000.0,2,3K,56.6,35,2,落合南長崎駅,6,10.33,9.82,14.32,114
都営大江戸線 落合南長崎駅 2階建 築35年,東京都新宿区中落合３,145000.0,,145000.0,145000.0,2,3K,56.6,35,2,落合南長崎駅,6,9.67,9.82,14.32,114
エクセル　エヌ・ケー,東京都豊島区南長崎４,168000.0,8000.0,168000.0,168000.0,1,3LDK,67.17,32,4,落合南長崎駅,5,11.0,9.82,23.03,110
都営大江戸線 落合南長崎駅 4階建 築32年,東京都豊島区南長崎４,168000.0,8000.0,168000.0,168000.0,1,3LDK,67.17,32,4,落合南長崎駅,5,11.0,9.82,23.03,110
都営大江戸線 落合南長崎駅 2階建 築10年,東京都新宿区西落合３,90000.0,5000.0,,,1,1R,21.97,10,2,落合南長崎駅,2,9.67,9.82,7.39,1
リステラス新宿,東京都新宿区西落合３,90000.0,5000.0,,,1,1R,21.97,10,2,落合南長崎駅,2,10.0,9.82,7.39,1
都営大江戸線 落合南長崎駅 4階建 築8年,東京都新宿区西落合１,95000.0,9000.0,95000.0,95000.0,2,1R,28.31,8,4,落合南長崎駅,9,14.0,9.82,7.39,10
都営大江戸線 落合南長崎駅 2階建 築20年,東京都新宿区西落合１,70000.0,,70000.0,,1,1R,22.36,20,2,落合南長崎駅,8,12.67,9.82,7.39,31
フラッツ南長崎,東京都豊島区南長崎３,70000.0,5000.0,70000.0,,3,1R,18.45,36,4,落合南長崎駅,9,11.67,9.82,7.39,31
三豊ビル,東京都新宿区西落合２,70000.0,3000.0,70000.0,70000.0,2,1R,20.0,38,4,落合南長崎駅,9,13.33,9.82,7.39,31
ちきゅうハウス,東京都豊島区南長崎４,74000.0,5000.0,74000.0,74000.0,1,1R,21.53,22,2,落合南長崎駅,2,10.0,9.82,7.39,43
メゾン・ド・中落合,東京都新宿区中落合３,60000.0,,60000.0,60000.0,4,1R,14.3,46,4,落合南長崎駅,2,11.0,9.82,7.39,49
都営大江戸線 落合南長崎駅 8階建 築31年,東京都新宿区中落合３,69000.0,10000.0,69000.0,69000.0,5,1R,16.5,31,8,落合南長崎駅,2,9.67,9.82,7.39,53
ソフィアステップ,東京都新宿区中落合３,65000.0,3000.0,,,2,1R,10.01,6,2,落合南長崎駅,7,11.33,9.82,7.39,63
アイレスト新宿西落合,東京都新宿区西落合１,65000.0,,,,2,1R,25.13,41,5,落合南長崎駅,2,10.67,9.82,7.39,63
アイレスト新宿西落合,東京都新宿区西落合１,65000.0,,,,2,1R,25.13,41,5,落合南長崎駅,2,10.67,9.82,7.39,63
都営大江戸線 落合南長崎駅 5階建 築41年,東京都新宿区西落合１,65000.0,,,,2,1R,25.13,41,5,落合南長崎駅,2,10.0,9.82,7.39,63
都営大江戸線 落合南長崎駅 2階建 築5年,東京都新宿区西落合３,62000.0,3000.0,,,1,1R,10.56,5,2,落合南長崎駅,4,11.33,9.82,7.39,69
ソフィアユニゾン,東京都新宿区西落合３,62000.0,3000.0,,,1,1R,10.56,5,2,落合南長崎駅,4,8.33,9.82,7.39,69
都営大江戸線 落合南長崎駅 2階建 築9年,東京都新宿区西落合２,62000.0,4000.0,,,1,1R,10.15,9,2,落合南長崎駅,10,13.33,9.82,7.39,69
M′哲学堂公園,東京都新宿区西落合２,62000.0,4000.0,,,1,1R,10.15,9,2,落合南長崎駅,10,13.0,9.82,7.39,69
アーバンプレイス目白クア,東京都豊島区南長崎２,62000.0,3000.0,,,2,1R,9.3,13,2,落合南長崎駅,9,11.33,9.82,7.39,69
ガーデンホームズ,東京都豊島区南長崎４,62000.0,2000.0,62000.0,62000.0,1,1R,19.87,26,2,落合南長崎駅,7,11.33,9.82,7.39,69
都営大江戸線 落合南長崎駅 2階建 築6年,東京都新宿区西落合２,61000.0,4000.0,,61000.0,2,1R,10.53,6,2,落合南長崎駅,10,13.67,9.82,7.39,75
ソフィアハープ,東京都新宿区西落合１,61500.0,3000.0,,,1,1R,10.56,5,2,落合南長崎駅,3,10.33,9.82,7.39,76
都営大江戸線 落合南長崎駅 2階建 築5年,東京都新宿区西落合１,61500.0,3000.0,,,1,1R,10.56,5,2,落合南長崎駅,3,10.0,9.82,7.39,76
都営大江戸線 落合南長崎駅 2階建 築10年,東京都新宿区西落合３,50000.0,3000.0,,,1,1R,10.83,10,2,落合南長崎駅,4,10.33,9.82,7.39,78
Parc Lux,東京都新宿区中落合３,59000.0,3000.0,,,1,1R,10.71,4,2,落合南長崎駅,7,11.33,9.82,7.39,79
都営大江戸線 落合南長崎駅 2階建 築4年,東京都新宿区中落合３,59000.0,3000.0,,,1,1R,10.71,4,2,落合南長崎駅,7,12.0,9.82,7.39,79
ルーブル新宿西落合,東京都新宿区西落合１,57000.0,,,57000.0,1,1R,16.0,31,4,落合南長崎駅,4,11.0,9.82,7.39,84
都営大江戸線 落合南長崎駅 4階建 築31年,東京都新宿区西落合１,57000.0,,,57000.0,1,1R,16.0,31,4,落合南長崎駅,4,9.33,9.82,7.39,84
リジェル山美,東京都新宿区西落合１,57000.0,2000.0,,,2,1R,15.0,52,2,落合南長崎駅,4,12.33,9.82,7.39,84
都営大江戸線 落合南長崎駅 2階建 築13年,東京都新宿区西落合１,56000.0,4000.0,,56000.0,1,1R,13.88,13,2,落合南長崎駅,4,11.0,9.82,7.39,87
GR西落合,東京都新宿区西落合１,54000.0,9000.0,54000.0,54000.0,2,1R,13.55,10,4,落合南長崎駅,1,10.0,9.82,7.39,90
都営大江戸線 落合南長崎駅 4階建 築10年,東京都新宿区西落合１,54000.0,9000.0,54000.0,54000.0,2,1R,13.55,10,4,落合南長崎駅,1,10.0,9.82,7.39,90
アーバンプレイス目白IIIA,東京都豊島区南長崎２,54000.0,3000.0,54000.0,54000.0,2,1R,9.97,13,2,落合南長崎駅,7,10.0,9.82,7.39,90
ロイヤルハウス,東京都新宿区西落合３,52000.0,3000.0,,,1,1R,10.83,10,2,落合南長崎駅,4,10.33,9.82,7.39,93
FortuneHouse,東京都新宿区中落合３,51000.0,4000.0,,,1,1R,10.31,9,2,落合南長崎駅,7,11.33,9.82,7.39,94
メゾンドパルク,東京都新宿区中落合４,51000.0,1000.0,51000.0,,1,1R,16.0,43,2,落合南長崎駅,7,12.0,9.82,7.39,94
エコー中落合,東京都新宿区中落合４,43000.0,,43000.0,43000.0,3,1R,1.0,34,3,落合南長崎駅,4,10.0,9.82,7.39,96
都営大江戸線 落合南長崎駅 3階建 築34年,東京都新宿区中落合４,43000.0,,43000.0,43000.0,3,1R,1.0,34,3,落合南長崎駅,4,10.0,9.82,7.39,96
ＲＩＤＧＥ新宿西落合,東京都新宿区西落合１,130000.0,10000.0,,,1,1R,35.33,16,6,落合南長崎駅,8,10.5,9.82,7.39,116
レガリア東中野レジデンスWEST,東京都中野区東中野５,99000.0,12000.0,99000.0,99000.0,2,1DK,32.71,18,5,落合駅,6,8.0,10.83,10.76,5
東京メトロ東西線 落合駅 2階建 築35年,東京都中野区上高田１,94000.0,1000.0,94000.0,94000.0,1,1DK,33.0,35,2,落合駅,8,10.0,10.83,10.76,15
第一鈴木ハウス,東京都新宿区上落合３,75000.0,,75000.0,,2,1DK,29.7,38,2,落合駅,4,5.67,10.83,10.76,52
グランドハイツ落合,東京都新宿区上落合３,135000.0,,135000.0,135000.0,10,1DK,35.8,30,10,落合駅,1,3.67,10.83,10.76,139
アミカル・エフ,東京都新宿区上落合２,132000.0,7000.0,132000.0,158400.0,3,1DK,32.74,21,8,落合駅,6,8.0,10.83,10.76,144
東京メトロ東西線 落合駅 8階建 築21年,東京都新宿区上落合２,132000.0,7000.0,132000.0,158400.0,3,1DK,32.74,21,8,落合駅,6,7.67,10.83,10.76,144
東京メトロ東西線 落合駅 5階建 築59年,東京都新宿区上落合２,120000.0,8000.0,120000.0,,4,1DK,32.9,59,5,落合駅,1,5.33,10.83,10.76,146
セーブル,東京都中野区上高田１,90000.0,6000.0,,90000.0,1,1K,24.0,22,2,落合駅,7,9.0,10.83,8.74,1
ハイネスコート,東京都中野区上高田１,90000.0,5000.0,,90000.0,1,1K,25.6,23,4,落合駅,3,6.33,10.83,8.74,1
東京メトロ東西線 落合駅 2階建 築22年,東京都中野区上高田１,90000.0,6000.0,,90000.0,1,1K,24.0,22,2,落合駅,7,12.33,10.83,8.74,1
ＪＲ中央線 東中野駅 4階建 築23年,東京都中野区上高田１,90000.0,5000.0,,90000.0,1,1K,25.6,23,4,落合駅,3,7.33,10.83,8.74,1
モン・シャトー上高田,東京都中野区上高田１,98000.0,4000.0,98000.0,98000.0,2,1K,25.47,11,4,落合駅,6,9.67,10.83,8.74,8
ＪＲ総武線 東中野駅 4階建 築11年,東京都中野区上高田１,98000.0,4000.0,98000.0,98000.0,2,1K,25.47,11,4,落合駅,6,9.33,10.83,8.74,8
ファーストシティ上落合,東京都新宿区上落合３,92000.0,5000.0,92000.0,92000.0,3,1K,23.1,30,2,落合駅,4,7.33,10.83,8.74,16
トーシンフェニックス目白,東京都新宿区上落合２,92000.0,5000.0,,92000.0,4,1K,23.85,24,4,落合駅,1,6.0,10.83,8.74,16
アートヴィラ,東京都新宿区上落合２,80000.0,5000.0,80000.0,80000.0,4,1K,23.0,52,5,落合駅,6,10.0,10.83,8.74,18
スカイコート新宿落合壱番館,東京都新宿区上落合２,89800.0,7200.0,89800.0,89800.0,8,1K,20.89,17,10,落合駅,3,5.0,10.83,8.74,22
カーサ・シオンＡ,東京都新宿区上落合３,85000.0,5000.0,,,2,1K,20.25,23,2,落合駅,6,10.33,10.83,8.74,23
ＪＲ総武線 東中野駅 12階建 築27年,東京都新宿区上落合１,85000.0,7000.0,85000.0,85000.0,5,1K,21.25,27,12,落合駅,5,7.67,10.83,8.74,23
パークヒルズ落合,東京都新宿区上落合１,85000.0,7000.0,85000.0,85000.0,5,1K,21.25,27,12,落合駅,5,9.0,10.83,8.74,23
東京メトロ東西線 落合駅 2階建 築23年,東京都新宿区上落合３,85000.0,5000.0,,,2,1K,20.25,23,2,落合駅,6,9.0,10.83,8.74,23
ヴィエント東中野,東京都中野区上高田１,84000.0,5000.0,84000.0,84000.0,2,1K,25.3,13,2,落合駅,4,7.0,10.83,8.74,29
グラントゥルース東中野,東京都中野区東中野３,83000.0,12000.0,,83000.0,5,1K,20.8,22,11,落合駅,4,5.33,10.83,8.74,30
東京メトロ東西線 落合駅 10階建 築28年,東京都新宿区上落合２,82000.0,8500.0,82000.0,82000.0,7,1K,21.17,28,10,落合駅,1,5.0,10.83,8.74,31
東京メトロ東西線 落合駅 2階建 築30年,東京都中野区上高田１,81000.0,4000.0,81000.0,81000.0,1,1K,25.89,30,2,落合駅,10,11.33,10.83,8.74,32
プリマベーラ,東京都中野区上高田１,81000.0,4000.0,81000.0,81000.0,1,1K,25.89,30,2,落合駅,10,11.33,10.83,8.74,32
高富ビル,東京都新宿区上落合２,70000.0,2000.0,70000.0,,2,1K,18.0,44,3,落合駅,5,6.67,10.83,8.74,34
グリーンパーク東中野A,東京都中野区東中野３,70000.0,,70000.0,70000.0,2,1K,23.1,33,2,落合駅,3,5.0,10.83,8.74,34
ダイホープラザ上落合,東京都新宿区上落合２,70000.0,5000.0,70000.0,70000.0,6,1K,19.38,28,12,落合駅,2,4.5,10.83,8.74,34
東京メトロ東西線 落合駅 12階建 築28年,東京都新宿区上落合２,70000.0,5000.0,70000.0,70000.0,6,1K,19.38,28,12,落合駅,2,6.33,10.83,8.74,34
東京メトロ東西線 落合駅 4階建 築19年,東京都中野区東中野４,79000.0,4500.0,79000.0,79000.0,2,1K,19.46,19,4,落合駅,3,6.67,10.83,8.74,42
東京メトロ東西線 落合駅 4階建 築20年,東京都新宿区上落合３,79000.0,4000.0,79000.0,79000.0,1,1K,19.06,20,4,落合駅,2,5.33,10.83,8.74,42
東京メトロ東西線 落合駅 10階建 築17年,東京都新宿区上落合２,79500.0,14500.0,79500.0,,2,1K,20.84,17,10,落合駅,5,6.33,10.83,8.74,44
ルガール,東京都新宿区上落合１,78000.0,5500.0,,78000.0,1,1K,24.7,23,2,落合駅,6,6.67,10.83,8.74,45
エスコート上落合,東京都新宿区上落合１,77000.0,10000.0,77000.0,77000.0,5,1K,21.3,24,7,落合駅,5,6.33,10.83,8.74,46
メゾン・ド・ファン,東京都中野区東中野４,77000.0,3000.0,,,1,1K,19.76,21,2,落合駅,3,6.67,10.83,8.74,46
ステージファースト上落合,東京都新宿区上落合１,77000.0,9000.0,77000.0,154000.0,1,1K,23.3,19,5,落合駅,5,7.0,10.83,8.74,46
東京メトロ東西線 落合駅 2階建 築21年,東京都中野区東中野４,77000.0,3000.0,,,1,1K,19.76,21,2,落合駅,3,7.33,10.83,8.74,46
東京メトロ東西線 落合駅 3階建 築41年,東京都中野区東中野５,77000.0,3000.0,77000.0,,2,1K,0.0,41,3,落合駅,4,7.33,10.83,8.74,46
レオパレス落合,東京都中野区東中野４,75000.0,5500.0,,75000.0,1,1K,13.86,37,2,落合駅,5,7.67,10.83,8.74,52
サンヒルズ落合,東京都新宿区上落合１,75000.0,2000.0,75000.0,75000.0,2,1K,20.0,39,2,落合駅,4,6.33,10.83,8.74,52
ガーデンアイクリー,東京都新宿区上落合２,75000.0,1000.0,75000.0,,3,1K,20.0,27,4,落合駅,1,6.33,10.83,8.74,52
伊藤ビル,東京都新宿区上落合２,75000.0,,75000.0,75000.0,2,1K,21.0,46,4,落合駅,1,6.33,10.83,8.74,52
ビーン落合,東京都新宿区上落合３,72000.0,3000.0,72000.0,72000.0,2,1K,0.0,29,2,落合駅,4,38.67,10.83,8.74,58
レオパレスボストンハウスIII,東京都中野区東中野４,60000.0,3000.0,,,1,1K,12.37,39,2,落合駅,1,5.33,10.83,8.74,59
東京メトロ東西線 落合駅 4階建 築37年,東京都新宿区上落合３,60000.0,5000.0,,,2,1K,18.76,37,4,落合駅,3,6.67,10.83,8.74,59
アイリスコ－トＣ棟,東京都中野区上高田４,60000.0,,60000.0,,2,1K,16.79,35,2,落合駅,8,8.67,10.83,8.74,59
東京メトロ東西線 落合駅 2階建 築34年,東京都中野区東中野４,68000.0,2000.0,68000.0,,2,1K,19.04,34,2,落合駅,2,6.0,10.83,8.74,66
プチパレス９２,東京都中野区東中野４,68000.0,2000.0,68000.0,,2,1K,19.04,34,2,落合駅,2,6.33,10.83,8.74,66
滝山ハイム,東京都中野区東中野５,68000.0,,68000.0,68000.0,2,1K,0.0,51,3,落合駅,6,9.33,10.83,8.74,66
ピアーチェ落合,東京都新宿区上落合２,67000.0,3000.0,67000.0,67000.0,1,1K,20.4,27,3,落合駅,1,5.0,10.83,8.74,72
東京メトロ東西線 落合駅 3階建 築28年,東京都新宿区上落合２,67000.0,3000.0,67000.0,67000.0,1,1K,20.4,28,3,落合駅,1,6.0,10.83,8.74,72
三協グリーンコート落合駅前パート２,東京都新宿区上落合３,65000.0,7000.0,65000.0,65000.0,1,1K,19.3,36,4,落合駅,4,7.0,10.83,8.74,75
サングロウ,東京都中野区東中野４,65000.0,2000.0,65000.0,65000.0,2,1K,18.0,41,2,落合駅,3,5.33,10.83,8.74,75
グリーンハイム,東京都新宿区上落合３,65000.0,,65000.0,,1,1K,17.91,37,3,落合駅,3,6.33,10.83,8.74,75
東京メトロ東西線 落合駅 2階建 築55年,東京都新宿区上落合２,63000.0,2000.0,63000.0,63000.0,2,1K,19.0,55,2,落合駅,2,6.0,10.83,8.74,81
浅野コーポ,東京都中野区上高田１,63000.0,,63000.0,,1,1K,19.83,58,2,落合駅,4,8.0,10.83,8.74,81
・プレステージ上落合,東京都新宿区上落合３,62000.0,2000.0,62000.0,,2,1K,16.0,32,2,落合駅,8,10.33,10.83,8.74,86
グランステージ落合,東京都新宿区上落合１,61000.0,3000.0,61000.0,61000.0,4,1K,20.04,33,4,落合駅,5,7.0,10.83,8.74,87
ファーレ落合,東京都新宿区上落合２,54000.0,3000.0,54000.0,54000.0,1,1K,14.44,25,3,落合駅,1,6.67,10.83,8.74,93
東京メトロ東西線 落合駅 3階建 築25年,東京都新宿区上落合２,54000.0,3000.0,54000.0,54000.0,1,1K,14.44,25,3,落合駅,4,7.33,10.83,8.74,93
加藤荘,東京都新宿区上落合３,53000.0,1000.0,53000.0,53000.0,1,1K,18.0,56,2,落合駅,2,4.0,10.83,8.74,96
信愛荘,東京都新宿区上落合２,53000.0,,53000.0,53000.0,2,1K,19.0,54,2,落合駅,2,5.0,10.83,8.74,96
アーバイル落合ツインドレスモーダ,東京都中野区上高田４,135000.0,5000.0,,,4,1K,4.0,21,4,落合駅,6,8.33,10.83,8.74,139
東京メトロ東西線 落合駅 4階建 築21年,東京都中野区上高田４,135000.0,5000.0,135000.0,135000.0,4,1K,4.0,21,4,落合駅,6,7.33,10.83,8.74,139
アレーロ上落合,東京都新宿区上落合１,134000.0,10000.0,,,1,1K,30.1,7,4,落合駅,4,7.0,10.83,8.74,142
東京メトロ東西線 落合駅 3階建 築11年,東京都中野区東中野３,120000.0,7000.0,,240000.0,2,1K,29.17,11,3,落合駅,3,5.67,10.83,8.74,146
ノブレス・東中野,東京都中野区東中野３,120000.0,7000.0,,240000.0,2,1K,29.17,11,3,落合駅,3,7.0,10.83,8.74,146
サンファスト東中野,東京都新宿区上落合２,120000.0,8000.0,120000.0,,4,1K,32.9,59,5,落合駅,1,5.33,10.83,8.74,146
THE　PREMIUM　CUBE　G　東中野,東京都中野区東中野５,129500.0,15000.0,,,2,1K,28.87,2,5,落合駅,7,9.33,10.83,8.74,152
プラウドフラット東中野,東京都中野区東中野５,126000.0,8000.0,126000.0,126000.0,2,1K,25.1,11,10,落合駅,4,7.67,10.83,8.74,153
東京メトロ東西線 落合駅 10階建 築11年,東京都中野区東中野５,126000.0,8000.0,126000.0,126000.0,2,1K,25.1,11,10,落合駅,4,6.67,10.83,8.74,153
ＪＲ中央線 東中野駅 10階建 築17年,東京都新宿区北新宿４,121000.0,8000.0,121000.0,,5,1K,26.31,17,10,落合駅,8,10.67,10.83,8.74,157
ラ・テラス落合,東京都中野区東中野４,110000.0,6000.0,110000.0,110000.0,3,1K,25.67,7,10,落合駅,1,5.33,10.83,8.74,159
メイクスミニ新宿落合,東京都新宿区上落合３,110000.0,12000.0,110000.0,110000.0,2,1K,24.67,2,3,落合駅,6,8.0,10.83,8.74,159
東京メトロ東西線 落合駅 3階建 築2年,東京都新宿区上落合３,110000.0,12000.0,106000.0,110000.0,2,1K,24.67,2,3,落合駅,6,7.67,10.83,8.74,159
CREVISTA中野落合,東京都中野区上高田１,108000.0,15000.0,,54000.0,2,1K,26.13,6,3,落合駅,2,5.33,10.83,8.74,168
東京メトロ東西線 落合駅 3階建 築6年,東京都中野区上高田１,108000.0,15000.0,,54000.0,2,1K,26.13,6,3,落合駅,2,6.0,10.83,8.74,168
クレイシアＩＤＺ新宿落合ディアコート,東京都新宿区上落合１,106000.0,12000.0,106000.0,106000.0,3,1K,25.54,5,4,落合駅,4,7.0,10.83,8.74,170
東京メトロ東西線 落合駅 4階建 築5年,東京都新宿区上落合１,106000.0,12000.0,106000.0,106000.0,3,1K,25.54,5,4,落合駅,4,6.33,10.83,8.74,170
東京メトロ東西線 落合駅 4階建 築7年,東京都新宿区上落合１,105000.0,10000.0,105000.0,105000.0,2,1K,25.38,7,4,落合駅,5,7.0,10.83,8.74,172
LEGALAND東中野,東京都中野区東中野５,235000.0,10000.0,,,1,1LDK,48.61,0,4,落合駅,7,8.67,10.83,14.4,107
GRAN HERME（グランエルメ）,東京都中野区東中野５,200000.0,5000.0,200000.0,200000.0,3,1LDK,43.7,0,3,落合駅,3,6.0,10.83,14.4,110
セリオ落合東中野,東京都中野区東中野５,195000.0,,195000.0,195000.0,10,1LDK,50.58,11,10,落合駅,8,10.67,10.83,14.4,112
プラチナフォルム東中野,東京都中野区東中野４,184000.0,6000.0,,276000.0,2,1LDK,47.6,8,3,落合駅,3,6.67,10.83,14.4,115
東京メトロ東西線 落合駅 3階建 築8年,東京都中野区東中野４,184000.0,6000.0,,276000.0,2,1LDK,47.6,8,3,落合駅,3,7.67,10.83,14.4,115
FLORESTA,東京都中野区東中野５,160000.0,5000.0,160000.0,160000.0,1,1LDK,46.47,27,4,落合駅,7,10.0,10.83,14.4,119
リリエンベルグ弐番館,東京都中野区東中野３,168000.0,12000.0,168000.0,168000.0,7,1LDK,40.26,20,9,落合駅,3,5.67,10.83,14.4,121
ＪＲ総武線 東中野駅 9階建 築20年,東京都中野区東中野３,168000.0,12000.0,168000.0,168000.0,7,1LDK,40.26,20,9,落合駅,2,4.67,10.83,14.4,121
東京メトロ東西線 落合駅 8階建 築34年,東京都中野区東中野３,150000.0,10000.0,150000.0,150000.0,2,1LDK,47.54,34,8,落合駅,1,4.0,10.83,14.4,123
コーポラス落合III棟,東京都新宿区上落合２,140000.0,,140000.0,140000.0,1,1LDK,45.54,17,2,落合駅,3,5.33,10.83,14.4,126
グレ－スハイツ,東京都中野区東中野４,140000.0,,140000.0,140000.0,2,1LDK,41.0,37,5,落合駅,4,7.0,10.83,14.4,126
ルーアン,東京都中野区上高田１,148000.0,9000.0,,296000.0,1,1LDK,37.77,15,2,落合駅,9,9.67,10.83,14.4,129
ＪＲ総武線 東中野駅 2階建 築15年,東京都中野区上高田１,148000.0,9000.0,,296000.0,1,1LDK,37.77,15,2,落合駅,9,9.67,10.83,14.4,129
東京メトロ東西線 落合駅 11階建 築17年,東京都中野区東中野４,148000.0,10000.0,148000.0,148000.0,6,1LDK,41.31,17,11,落合駅,1,3.67,10.83,14.4,129
セルクル落合,東京都新宿区上落合１,145000.0,10000.0,145000.0,145000.0,13,1LDK,44.69,19,14,落合駅,5,9.33,10.83,14.4,134
東京メトロ東西線 落合駅 14階建 築19年,東京都新宿区上落合１,145000.0,10000.0,145000.0,145000.0,13,1LDK,44.69,19,14,落合駅,5,9.33,10.83,14.4,134
東京メトロ東西線 落合駅 6階建 築22年,東京都新宿区上落合３,139000.0,6000.0,139000.0,139000.0,2,1LDK,40.27,22,6,落合駅,3,4.0,10.83,14.4,137
ソレイユほその,東京都新宿区上落合３,138000.0,6000.0,138000.0,138000.0,2,1LDK,40.27,22,6,落合駅,3,4.0,10.83,14.4,138
ＰＲＩＭＥ　ＵＲＢＡＮ　東中野　ＣＯＵＲＴ,東京都新宿区北新宿４,121000.0,8000.0,121000.0,,5,1LDK,26.31,17,2,落合駅,10,11.33,10.83,14.4,157
宮越マンション,東京都新宿区上落合３,110000.0,,110000.0,110000.0,4,1LDK,36.0,47,4,落合駅,1,5.0,10.83,14.4,159
東京メトロ東西線 落合駅 4階建 築47年,東京都新宿区上落合３,110000.0,,110000.0,110000.0,4,1LDK,36.0,47,4,落合駅,1,5.0,10.83,14.4,159
ストークマンション落合,東京都新宿区上落合２,115000.0,13000.0,115000.0,115000.0,9,1LDK,42.8,56,2,落合駅,2,5.0,10.83,14.4,167
千花苑アパート,東京都新宿区上落合３,63000.0,2000.0,63000.0,,1,1SK,24.0,34,2,落合駅,5,7.33,10.83,6.3,81
東京メトロ東西線 落合駅 2階建 築34年,東京都新宿区上落合３,63000.0,2000.0,63000.0,,2,1SK,0.0,34,2,落合駅,5,7.33,10.83,6.3,81
東京メトロ東西線 落合駅 6階建 築5年,東京都中野区東中野３,185000.0,10000.0,185000.0,185000.0,2,2DK,40.89,5,6,落合駅,1,5.0,10.83,12.47,113
パークアクシス落合東中野,東京都中野区東中野３,185000.0,10000.0,185000.0,222000.0,2,2DK,40.89,5,6,落合駅,1,5.0,10.83,12.47,113
東京メトロ東西線 落合駅 3階建 築31年,東京都新宿区上落合２,160000.0,,320000.0,160000.0,3,2DK,45.38,31,3,落合駅,1,4.67,10.83,12.47,119
アーバイル落合ツインドレスレジスタ,東京都中野区上高田４,148000.0,,148000.0,148000.0,2,2DK,42.0,21,4,落合駅,8,8.0,10.83,12.47,129
ＪＲ総武線 東中野駅 8階建 築36年,東京都中野区東中野３,130000.0,6000.0,130000.0,130000.0,5,2DK,41.95,36,8,落合駅,1,5.67,10.83,12.47,136
サンハイツ落合,東京都中野区東中野３,125000.0,,,125000.0,8,2DK,27.79,59,8,落合駅,4,6.0,10.83,12.47,155
東京メトロ東西線 落合駅 8階建 築59年,東京都中野区東中野３,125000.0,,,125000.0,6,2DK,27.79,59,8,落合駅,4,6.0,10.83,12.47,155
パティオ右近,東京都新宿区上落合２,240000.0,19000.0,240000.0,240000.0,6,2LDK,72.64,42,10,落合駅,2,5.0,10.83,18.98,102
東京メトロ東西線 落合駅 地下2地上10階建 築42年,東京都新宿区上落合２,240000.0,19000.0,240000.0,240000.0,6,2LDK,72.64,42,3,落合駅,2,6.33,10.83,18.98,102
ブルーム,東京都中野区東中野４,230000.0,9000.0,230000.0,460000.0,3,2LDK,56.89,0,4,落合駅,3,5.67,10.83,18.98,104
ＴＮヒルズ東中野,東京都中野区東中野５,236000.0,8000.0,118000.0,236000.0,2,2LDK,60.08,4,3,落合駅,5,7.67,10.83,18.98,105
東京メトロ東西線 落合駅 3階建 築4年,東京都中野区東中野５,236000.0,8000.0,118000.0,236000.0,2,2LDK,60.08,4,3,落合駅,5,7.67,10.83,18.98,105
都営大江戸線 東中野駅 地下1地上3階建 築25年,東京都中野区東中野４,197000.0,,197000.0,197000.0,3,2LDK,54.4,25,4,落合駅,2,4.67,10.83,18.98,111
ユニーブル落合,東京都新宿区上落合３,158000.0,10000.0,158000.0,158000.0,3,2LDK,54.46,36,6,落合駅,5,6.33,10.83,18.98,125
メトロステージ落合,東京都中野区東中野４,177000.0,8000.0,177000.0,,4,2SLDK,53.55,31,5,落合駅,1,6.67,10.83,20.88,117
東京メトロ東西線 落合駅 5階建 築31年,東京都中野区東中野４,177000.0,8000.0,177000.0,,4,2SLDK,53.55,31,5,落合駅,1,6.67,10.83,20.88,117
東中野ハイム,東京都中野区東中野５,150000.0,5000.0,,150000.0,7,3DK,54.0,52,14,落合駅,8,9.67,10.83,16.95,123
落合ハイム,東京都新宿区上落合１,250000.0,13000.0,250000.0,250000.0,8,3LDK,76.67,24,2,落合駅,4,8.0,10.83,23.03,99
東京メトロ東西線 落合駅 地下1地上14階建 築24年,東京都新宿区上落合１,250000.0,13000.0,250000.0,250000.0,8,3LDK,76.67,24,2,落合駅,4,10.33,10.83,23.03,99
小滝台マンション,東京都中野区東中野５,250000.0,,250000.0,250000.0,3,3LDK,66.55,38,7,落合駅,8,11.0,10.83,23.03,99
東京メトロ東西線 落合駅 地下1地上5階建 築25年,東京都新宿区上落合２,233000.0,10000.0,233000.0,466000.0,2,3LDK,70.8,25,6,落合駅,1,5.33,10.83,23.03,108
ブライトハウスJ,東京都新宿区上落合２,233000.0,10000.0,233000.0,466000.0,2,3LDK,70.8,25,6,落合駅,1,6.67,10.83,23.03,108
ＪＲ中央線 東中野駅 地下1地上3階建 築18年,東京都中野区東中野５,99000.0,12000.0,99000.0,99000.0,0,1R,37.86,18,4,落合駅,6,8.0,10.83,7.39,5
東京メトロ東西線 落合駅 地下1地上3階建 築18年,東京都中野区東中野５,99000.0,12000.0,99000.0,99000.0,1,1R,37.86,18,4,落合駅,6,8.0,10.83,7.39,5
アトリウム25,東京都新宿区上落合２,95000.0,5000.0,95000.0,95000.0,2,1R,29.86,22,4,落合駅,1,6.0,10.83,7.39,10
東京メトロ東西線 落合駅 2階建 築2年,東京都中野区東中野５,95000.0,3000.0,,,2,1R,18.21,2,2,落合駅,6,8.67,10.83,7.39,10
東京メトロ東西線 落合駅 3階建 築22年,東京都新宿区上落合２,95000.0,5000.0,95000.0,95000.0,2,1R,29.86,22,3,落合駅,1,6.67,10.83,7.39,10
Ｈｉｌｌｔｏｐ　Ｂ,東京都中野区東中野５,95000.0,3000.0,95000.0,,2,1R,18.21,2,2,落合駅,5,9.0,10.83,7.39,10
東京メトロ東西線 落合駅 2階建 築2年,東京都中野区東中野５,95000.0,3000.0,,,2,1R,18.21,2,2,落合駅,7,9.0,10.83,7.39,10
フォーシーズンズ,東京都中野区上高田１,80000.0,3000.0,80000.0,80000.0,2,1R,20.09,16,2,落合駅,8,10.0,10.83,7.39,18
和か水マンション,東京都中野区東中野３,80000.0,3000.0,80000.0,80000.0,1,1R,26.0,54,4,落合駅,1,3.33,10.83,7.39,18
東京メトロ東西線 落合駅 3階建 築43年,東京都中野区東中野３,80000.0,15000.0,80000.0,80000.0,2,1R,22.6,43,3,落合駅,1,4.0,10.83,7.39,18
ＲＥＳＩＤＥＮＣＥ東中野(レジデンス東中野),東京都中野区東中野５,85000.0,3500.0,85000.0,85000.0,3,1R,22.08,19,5,落合駅,8,9.67,10.83,7.39,23
東京メトロ東西線 落合駅 5階建 築19年,東京都中野区東中野５,85000.0,3500.0,85000.0,85000.0,3,1R,22.08,19,5,落合駅,8,9.67,10.83,7.39,23
ライオンズマンション中野東,東京都中野区東中野４,70000.0,,70000.0,70000.0,2,1R,19.25,40,8,落合駅,1,5.33,10.83,7.39,34
東京メトロ東西線 落合駅 2階建 築40年,東京都中野区東中野４,70000.0,5000.0,,,1,1R,12.9,40,2,落合駅,1,4.67,10.83,7.39,34
フラット大山,東京都新宿区上落合２,70000.0,3000.0,70000.0,70000.0,1,1R,20.25,38,3,落合駅,4,7.0,10.83,7.39,34
イッツ東中野,東京都中野区東中野４,70000.0,5000.0,,,1,1R,12.9,40,2,落合駅,2,5.33,10.83,7.39,34
ブライトステージ上高田,東京都中野区上高田１,76000.0,3000.0,76000.0,,2,1R,15.65,8,2,落合駅,8,12.0,10.83,7.39,51
ニューブライト上高田,東京都中野区上高田１,74000.0,2000.0,,,2,1R,14.24,6,2,落合駅,8,11.67,10.83,7.39,57
８７ｈｏｕｓｅ０２,東京都中野区東中野４,60000.0,3000.0,,,1,1R,11.53,17,2,落合駅,4,6.33,10.83,7.39,59
ＪＲ中央線 東中野駅 2階建 築17年,東京都中野区東中野４,60000.0,3000.0,,,1,1R,11.53,17,2,落合駅,5,6.67,10.83,7.39,59
メゾンハピネス,東京都新宿区上落合２,60000.0,,,,1,1R,20.7,39,2,落合駅,4,4.67,10.83,7.39,59
グランリュクス,東京都中野区東中野５,69000.0,4000.0,,69000.0,2,1R,12.01,10,2,落合駅,8,11.67,10.83,7.39,65
ハイツ植野,東京都新宿区上落合２,68000.0,2000.0,68000.0,68000.0,1,1R,23.0,46,3,落合駅,2,6.33,10.83,7.39,66
アーバンプレイス落合ＸV,東京都新宿区上落合２,68000.0,4000.0,,68000.0,2,1R,10.93,5,2,落合駅,2,5.67,10.83,7.39,66
コーポ偕和１,東京都中野区東中野３,68000.0,,68000.0,68000.0,2,1R,19.8,34,2,落合駅,4,6.33,10.83,7.39,66
ＪＲ中央線 東中野駅 2階建 築10年,東京都中野区東中野５,66000.0,4000.0,,,2,1R,12.01,10,2,落合駅,6,8.67,10.83,7.39,74
東京メトロ東西線 落合駅 2階建 築11年,東京都中野区上高田１,64000.0,3000.0,,,2,1R,10.1,11,2,落合駅,2,7.0,10.83,7.39,78
アーバンプレイス落合駅前,東京都中野区上高田１,64000.0,3000.0,,,2,1R,10.1,11,2,落合駅,2,7.67,10.83,7.39,78
グリーンハイツ,東京都中野区東中野４,64000.0,,64000.0,,3,1R,17.0,35,3,落合駅,2,6.33,10.83,7.39,78
アルモ東中野,東京都中野区東中野４,63000.0,3000.0,,,2,1R,1.0,11,2,落合駅,1,5.33,10.83,7.39,81
東京メトロ東西線 落合駅 2階建 築16年,東京都中野区東中野４,60500.0,2500.0,,,1,1R,11.0,16,2,落合駅,2,5.33,10.83,7.39,88
東京メトロ東西線 落合駅 2階建 築15年,東京都新宿区上落合３,60500.0,2500.0,,,2,1R,1.0,15,2,落合駅,5,7.0,10.83,7.39,88
ＪＲ中央線 東中野駅 地下1地上3階建 築36年,東京都新宿区上落合３,50000.0,5000.0,50000.0,,1,1R,13.0,36,4,落合駅,4,7.67,10.83,7.39,90
ＪＲ中央線 東中野駅 2階建 築42年,東京都中野区東中野３,58000.0,200.0,58000.0,58000.0,2,1R,20.1,42,2,落合駅,5,6.33,10.83,7.39,91
東京メトロ東西線 落合駅 3階建 築34年,東京都新宿区上落合３,55000.0,3000.0,,55000.0,3,1R,11.3,34,3,落合駅,5,6.33,10.83,7.39,92
シャルム落合,東京都新宿区上落合３,54000.0,,54000.0,,2,1R,16.0,37,3,落合駅,6,8.67,10.83,7.39,93
東京メトロ東西線 落合駅 2階建 築36年,東京都新宿区上落合３,53000.0,,53000.0,53000.0,2,1R,17.74,36,2,落合駅,4,6.0,10.83,7.39,96
シャロ-ム東中野,東京都中野区東中野５,149600.0,,408000.0,136000.0,2,1R,38.0,35,7,落合駅,4,6.33,10.83,7.39,128
ＦＬＡＭＰ,東京都新宿区上落合３,147400.0,10000.0,147400.0,147400.0,7,1R,35.6,19,3,落合駅,1,4.33,10.83,7.39,133
東京メトロ東西線 落合駅 4階建 築7年,東京都新宿区上落合１,134000.0,10000.0,,,1,1R,30.1,7,4,落合駅,4,7.0,10.83,7.39,142
アクシルコート東中野,東京都中野区東中野４,120000.0,10000.0,120000.0,120000.0,6,1R,27.41,26,13,落合駅,1,3.67,10.83,7.39,146
東京メトロ東西線 落合駅 13階建 築26年,東京都中野区東中野４,120000.0,10000.0,120000.0,120000.0,6,1R,27.41,26,13,落合駅,1,5.0,10.83,7.39,146
ソルナクレイシア落合,東京都新宿区上落合３,110000.0,10000.0,,110000.0,2,1R,28.4,7,3,落合駅,6,9.0,10.83,7.39,159
ＪＲ中央線 東中野駅 3階建 築7年,東京都新宿区上落合３,110000.0,10000.0,,110000.0,2,1R,28.4,7,3,落合駅,6,8.67,10.83,7.39,159
オネイロス,東京都新宿区上落合３,119000.0,5000.0,119000.0,,3,1R,34.7,31,3,落合駅,3,5.67,10.83,7.39,166
ルネサンスコート高田馬場パトリア,東京都新宿区高田馬場３,112000.0,10000.0,,,4,1K,20.33,3,4,高田馬場駅,7,11.33,8.65,8.74,8
ヴェルデュール高田馬場,東京都新宿区高田馬場４,111000.0,8000.0,111000.0,111000.0,7,1K,25.41,9,13,高田馬場駅,8,11.33,8.65,8.74,9
ＪＲ山手線 高田馬場駅 13階建 築9年,東京都新宿区高田馬場４,111000.0,8000.0,111000.0,111000.0,7,1K,25.41,9,13,高田馬場駅,8,12.33,8.65,8.74,9
みらいえ高田馬場,東京都新宿区高田馬場３,95000.0,10000.0,95000.0,,2,1R,23.24,9,2,高田馬場駅,7,12.0,8.65,7.39,1
ユーコート高田馬場,東京都新宿区高田馬場３,75000.0,5000.0,75000.0,,2,1R,16.11,28,3,高田馬場駅,7,11.33,8.65,7.39,2
ザ・アーバンテラス高田馬場,東京都新宿区高田馬場３,68000.0,4000.0,68000.0,68000.0,1,1R,10.89,5,2,高田馬場駅,7,9.67,8.65,7.39,3
ＪＲ山手線 高田馬場駅 2階建 築5年,東京都新宿区高田馬場３,63000.0,4000.0,63000.0,63000.0,1,1R,10.33,5,2,高田馬場駅,7,9.67,8.65,7.39,4
STバード,東京都新宿区高田馬場３,58000.0,1000.0,58000.0,,2,1R,13.0,35,2,高田馬場駅,8,11.67,8.65,7.39,5
半沢荘,東京都新宿区高田馬場３,56000.0,,56000.0,,2,1R,15.5,51,4,高田馬場駅,7,10.67,8.65,7.39,6
Tレジデンス,東京都新宿区高田馬場３,116000.0,10000.0,,174000.0,4,1R,30.25,17,6,高田馬場駅,7,12.0,8.65,7.39,7
